locus_tag,Martincorena_thetaS,Maddamsetti_thetaS
ECB_00002,0.0437,0.06478
ECB_00003,0.02079,0.04702
ECB_00004,0.03761,NA
ECB_00005,0.03255,NA
ECB_00006,0.02107,0.03351
ECB_00007,0.02796,0.04714
ECB_00008,0.03253,0.02208
ECB_00009,0.01188,0.02621
ECB_00010,0.02782,0.03453
ECB_00013,0.05202,0.05757
ECB_00014,NA,0.02059
ECB_00015,0.03572,0.03781
ECB_00017,NA,NA
ECB_00018,0.07481,0.1149
ECB_00019,NA,0.2112
ECB_00027,NA,0.003221
ECB_00028,NA,NA
ECB_00029,0.03669,0.04485
ECB_00030,0.0472,0.07986
ECB_00031,0.01998,0.02691
ECB_00032,0.03703,0.04126
ECB_00033,0.06785,0.1069
ECB_00034,NA,0.183
ECB_00035,0.04283,0.05097
ECB_00036,0.05445,0.06572
ECB_00037,0.05896,0.09152
ECB_00043,0.003887,0.03309
ECB_00044,0.002723,0.03392
ECB_00046,0.03247,0.04127
ECB_00047,0.03426,0.05797
ECB_00048,NA,0.03465
ECB_00049,0.02574,0.05452
ECB_00050,0.03195,0.04363
ECB_00051,NA,0.06185
ECB_00052,0.0312,0.05174
ECB_00053,0.03822,0.04625
ECB_00054,NA,0.0005575
ECB_00055,0.006239,0.02403
ECB_00056,0.02665,0.03148
ECB_00057,0.02851,NA
ECB_00058,0.06036,0.08277
ECB_00059,0.03034,0.03613
ECB_00060,0.03246,0.04761
ECB_00061,0.03595,0.0526
ECB_00062,0.04592,0.09681
ECB_00063,0.05312,NA
ECB_00064,0.04081,0.08974
ECB_00065,0.03568,0.05379
ECB_00066,0.04904,0.06611
ECB_00067,0.03975,0.08896
ECB_00068,0.07549,0.1173
ECB_00069,0.02841,0.09729
ECB_00070,0.07588,0.1448
ECB_00071,0.06343,0.1029
ECB_00073,0.04967,0.1019
ECB_00074,0.06178,0.09712
ECB_00076,0.05213,0.08483
ECB_00077,NA,NA
ECB_00080,0.07537,0.05497
ECB_00081,0.04164,0.03621
ECB_00082,NA,0.006822
ECB_00083,0.03613,0.0202
ECB_00084,0.02495,0.007356
ECB_00085,0.03562,0.0374
ECB_00086,0.04578,0.06926
ECB_00087,0.02711,0.04618
ECB_00088,0.03287,0.05035
ECB_00089,0.04569,0.08091
ECB_00090,0.02096,0.04587
ECB_00091,0.03059,0.03712
ECB_00092,0.01918,0.03312
ECB_00093,0.02665,0.03237
ECB_00094,0.006248,0.01033
ECB_00095,0.03079,0.0167
ECB_00096,NA,0.01571
ECB_00097,0.01807,0.009589
ECB_00099,0.04173,0.03968
ECB_00100,0.02681,0.03436
ECB_00101,NA,NA
ECB_00102,0.02756,0.0212
ECB_00103,0.01903,0.009652
ECB_00104,0.02705,0.0289
ECB_00105,0.03235,0.05348
ECB_00106,0.0288,0.04644
ECB_00107,0.009301,0.01836
ECB_00108,0.03989,0.03436
ECB_00109,0.02931,0.01925
ECB_00110,0.06157,0.01844
ECB_00111,0.05422,0.07596
ECB_00112,0.02482,0.0171
ECB_00113,NA,0.02946
ECB_00114,NA,0.0391
ECB_00115,NA,0.03094
ECB_00116,0.08132,0.11
ECB_00117,0.05688,0.08047
ECB_00119,0.03658,0.02816
ECB_00120,0.03464,0.03403
ECB_00122,0.04712,0.07036
ECB_00123,0.06077,0.08795
ECB_00125,0.03399,0.02709
ECB_00126,0.04671,0.03932
ECB_00127,0.03901,0.05338
ECB_00128,0.08257,0.121
ECB_00129,0.04818,0.0666
ECB_00130,0.04768,0.03192
ECB_00131,0.06689,0.1241
ECB_00132,0.1077,0.173
ECB_00133,NA,0.2507
ECB_00134,NA,NA
ECB_00135,NA,NA
ECB_00136,NA,NA
ECB_00138,NA,NA
ECB_00139,NA,NA
ECB_00140,NA,NA
ECB_00141,NA,0.2965
ECB_00144,0.02775,0.009156
ECB_00145,0.03057,0.01895
ECB_00148,0.05494,0.09313
ECB_00149,NA,0.3453
ECB_00150,0.04493,0.0702
ECB_00151,0.06543,0.1144
ECB_00152,0.04258,0.1102
ECB_00153,0.02149,0.0473
ECB_00154,0.03649,0.05529
ECB_00155,NA,0.01552
ECB_00156,0.01077,0.01648
ECB_00157,0.02745,NA
ECB_00158,0.01178,0.01324
ECB_00159,0.04016,0.03941
ECB_00160,0.04011,0.05162
ECB_00162,0.04904,0.04168
ECB_00164,0.07018,0.08744
ECB_00165,0.05394,0.08347
ECB_00166,0.01925,0.0325
ECB_00167,NA,0.0006611
ECB_00168,NA,0.006709
ECB_00169,0.0008903,0.01138
ECB_00170,0.02579,0.003426
ECB_00171,0.02266,0.003092
ECB_00172,0.02774,0.007239
ECB_00174,0.006956,0.009611
ECB_00175,0.02258,0.034
ECB_00176,NA,0.02897
ECB_00177,0.02613,0.02251
ECB_00178,0.02692,0.009155
ECB_00179,0.02333,0.01497
ECB_00180,0.06323,0.07476
ECB_00181,0.03404,0.05243
ECB_00182,NA,0.04088
ECB_00183,NA,0.04573
ECB_00184,0.04695,NA
ECB_00186,0.05949,0.1165
ECB_00189,0.02265,0.047
ECB_00190,0.06616,0.07497
ECB_00191,0.1093,0.1607
ECB_00193,0.02924,0.04868
ECB_00194,0.02888,0.04783
ECB_00195,0.01487,0.01946
ECB_00196,0.03298,0.02995
ECB_00197,0.03332,0.04349
ECB_00198,0.04464,0.04374
ECB_00199,0.03401,0.03031
ECB_00200,0.03461,0.03898
ECB_00201,0.02237,0.02906
ECB_00202,0.03968,0.04717
ECB_00203,0.03544,0.043
ECB_00204,0.01477,0.02708
ECB_00205,0.03595,0.02142
ECB_00207,0.04785,0.07722
ECB_00208,0.0408,0.05074
ECB_00209,NA,NA
ECB_00214,0.04519,0.05249
ECB_00215,0.03468,0.03558
ECB_00217,0.06681,0.07609
ECB_00218,0.04983,0.07548
ECB_00219,0.03734,0.05428
ECB_00220,NA,NA
ECB_00221,NA,NA
ECB_00222,NA,0.1821
ECB_00223,NA,NA
ECB_00226,0.0909,0.118
ECB_00227,NA,NA
ECB_00228,NA,NA
ECB_00229,0.06588,0.0724
ECB_00232,NA,0.05826
ECB_00233,0.03826,0.02416
ECB_00234,0.03092,0.04261
ECB_00235,0.03621,0.05166
ECB_00238,0.06703,0.08932
ECB_00239,0.04264,0.05773
ECB_00240,0.06829,0.1076
ECB_00242,NA,NA
ECB_00243,NA,NA
ECB_00244,NA,NA
ECB_00245,NA,NA
ECB_00246,NA,NA
ECB_00247,NA,NA
ECB_00249,NA,NA
ECB_00250,NA,NA
ECB_00251,0.009053,NA
ECB_00252,NA,NA
ECB_00253,0.03967,NA
ECB_00254,NA,NA
ECB_00255,0.02531,NA
ECB_00261,0.02444,0.02812
ECB_00262,0.01911,0.01235
ECB_00263,0.02427,0.02226
ECB_00266,NA,NA
ECB_00267,0.0601,0.1345
ECB_00268,0.03608,0.08447
ECB_00270,NA,0.04354
ECB_00271,NA,0.09188
ECB_00272,NA,NA
ECB_00273,NA,NA
ECB_00274,NA,0.0725
ECB_00275,NA,0.05033
ECB_00276,NA,0.1121
ECB_00277,NA,0.1131
ECB_00278,0.05398,0.1164
ECB_00279,0.04761,0.08839
ECB_00280,NA,0.03053
ECB_00281,NA,NA
ECB_00283,NA,NA
ECB_00284,NA,0.07189
ECB_00285,NA,0.09023
ECB_00286,NA,0.1063
ECB_00287,NA,0.1001
ECB_00288,NA,0.06987
ECB_00289,NA,0.07713
ECB_00290,NA,0.04493
ECB_00291,NA,0.06519
ECB_00293,NA,NA
ECB_00294,NA,NA
ECB_00295,NA,NA
ECB_00296,NA,NA
ECB_00297,NA,0.02384
ECB_00298,NA,0.05979
ECB_00301,NA,NA
ECB_00302,NA,NA
ECB_00305,NA,NA
ECB_00306,NA,NA
ECB_00309,0.03456,0.04394
ECB_00310,0.0509,0.06001
ECB_00312,NA,NA
ECB_00316,0.05506,0.1155
ECB_00317,0.04215,NA
ECB_00318,NA,0.133
ECB_00323,0.02752,0.06327
ECB_00324,0.02321,0.04578
ECB_00325,0.03286,0.0397
ECB_00326,0.02395,0.01809
ECB_00328,0.03576,0.0407
ECB_00329,NA,0.02382
ECB_00332,0.0237,0.03766
ECB_00333,0.0264,0.02509
ECB_00335,0.0253,0.02453
ECB_00336,NA,0.01234
ECB_00337,0.04082,0.06115
ECB_00338,0.02355,0.01329
ECB_00342,0.04457,0.02948
ECB_00345,NA,0.0543
ECB_00346,NA,0.03442
ECB_00347,0.0283,0.03202
ECB_00348,0.02373,0.04036
ECB_00349,0.02631,0.03409
ECB_00350,0.02234,0.04259
ECB_00351,NA,NA
ECB_00353,0.04933,0.07039
ECB_00354,0.03767,0.02841
ECB_00355,0.02056,0.01312
ECB_00356,0.02302,0.03281
ECB_00357,0.01534,0.0237
ECB_00358,0.05305,0.06113
ECB_00359,NA,0.05489
ECB_00361,0.01826,0.00955
ECB_00362,NA,0.09902
ECB_00363,0.029,0.006048
ECB_00364,0.003155,0.01208
ECB_00365,0.04004,0.02755
ECB_00366,NA,0.1386
ECB_00368,0.04426,0.08119
ECB_00369,0.04293,0.05837
ECB_00370,NA,0.01507
ECB_00371,0.05553,NA
ECB_00373,0.03472,0.0478
ECB_00379,0.02231,0.05257
ECB_00380,0.01505,0.04415
ECB_00381,0,0.01762
ECB_00382,0.01545,0.02356
ECB_00383,0,0.01225
ECB_00384,0.02432,0.04533
ECB_00387,NA,0.01677
ECB_00388,NA,0.02974
ECB_00389,0.03284,0.04697
ECB_00391,NA,0.03189
ECB_00392,NA,0.003076
ECB_00393,0.02744,0.03281
ECB_00394,NA,0.03146
ECB_00395,0.05395,0.05974
ECB_00396,0.02235,0.04542
ECB_00397,0.02779,0.04125
ECB_00400,0.04326,0.04963
ECB_00401,0.02392,0.0576
ECB_00402,0.03508,NA
ECB_00403,0.03673,0.06714
ECB_00404,0.02496,0.03697
ECB_00406,0.06183,0.05282
ECB_00407,0.02597,0.04912
ECB_00410,0.02109,0.01819
ECB_00411,NA,0.0226
ECB_00412,0.03298,0.01543
ECB_00413,0.02196,NA
ECB_00414,0.02515,NA
ECB_00415,0.01575,0.009838
ECB_00416,0.03332,0.06249
ECB_00417,NA,0.08811
ECB_00418,0.06596,0.09829
ECB_00419,0.00122,0.01764
ECB_00420,0.02878,0.02047
ECB_00421,0.01912,0.03521
ECB_00422,NA,0.01779
ECB_00423,0.0224,0.02416
ECB_00424,0.04063,0.03149
ECB_00425,NA,0.06193
ECB_00426,0.04492,0.06368
ECB_00427,0.0185,0.04198
ECB_00428,0.03417,0.04969
ECB_00429,0.03698,0.0539
ECB_00430,0.03018,0.04343
ECB_00431,NA,0.06329
ECB_00432,0.04348,0.03439
ECB_00433,0.04462,0.05201
ECB_00435,0.05117,0.08766
ECB_00436,0.03212,0.03802
ECB_00437,0.01756,0.03954
ECB_00438,NA,0.1342
ECB_00440,0.03817,0.06577
ECB_00441,0.0288,0.03559
ECB_00444,0.01657,0.0418
ECB_00445,0.003302,0.01448
ECB_00446,0.03383,NA
ECB_00447,0.02757,0.07158
ECB_00448,NA,NA
ECB_00449,NA,NA
ECB_00453,0.05242,0.06627
ECB_00454,0.02742,0.04891
ECB_00455,0.04992,0.04034
ECB_00456,0.03062,0.0357
ECB_00457,0.07408,NA
ECB_00458,0.02151,0.04819
ECB_00459,0.05533,0.08511
ECB_00462,NA,NA
ECB_00464,0.04825,0.0901
ECB_00465,0.03856,0.05998
ECB_00466,0.04527,0.06591
ECB_00467,0.0482,0.04775
ECB_00468,0.0424,0.0693
ECB_00470,0.04285,0.07103
ECB_00471,0.03353,0.07624
ECB_00472,0.02942,0.07414
ECB_00473,0.01503,0.03423
ECB_00474,0.05638,0.07809
ECB_00475,NA,0.02424
ECB_00476,0.044,0.07792
ECB_00477,NA,0.0416
ECB_00479,0.02635,0.04659
ECB_00481,NA,NA
ECB_00482,NA,NA
ECB_00484,NA,NA
ECB_00485,NA,NA
ECB_00486,NA,NA
ECB_00493,NA,NA
ECB_00494,NA,NA
ECB_00495,NA,NA
ECB_00496,NA,NA
ECB_00497,NA,NA
ECB_00498,NA,NA
ECB_00499,NA,NA
ECB_00500,NA,NA
ECB_00502,NA,NA
ECB_00506,NA,NA
ECB_00507,NA,NA
ECB_00508,NA,NA
ECB_00509,NA,NA
ECB_01513,NA,NA
ECB_00511,NA,NA
ECB_00518,NA,NA
ECB_00519,NA,NA
ECB_00520,NA,NA
ECB_00521,0.01852,NA
ECB_00522,NA,NA
ECB_00531,0.06766,0.1112
ECB_00532,0.01728,0.07824
ECB_00533,NA,0.06566
ECB_00534,0.05945,0.09102
ECB_00535,0.02299,0.04032
ECB_00536,0.0254,0.05657
ECB_00537,0.02877,0.0498
ECB_00538,0.03528,0.0362
ECB_00539,0.01931,0.03742
ECB_00540,0.03153,0.03145
ECB_00541,NA,0.01968
ECB_00542,NA,0.07551
ECB_00549,0.05851,0.1051
ECB_00550,NA,0.09455
ECB_00551,0.038,0.05127
ECB_00553,0.0633,0.09643
ECB_00554,NA,0.08112
ECB_00555,0.05996,0.1025
ECB_00556,0.04334,0.0899
ECB_00557,0.05909,0.08928
ECB_00558,0.04435,0.09397
ECB_00559,NA,0.06653
ECB_00560,0.03433,0.05137
ECB_00561,0.04667,0.09552
ECB_00562,0.01897,0.04302
ECB_00563,0.04194,0.08156
ECB_00564,NA,0.08156
ECB_00567,0.05788,0.09427
ECB_00568,0.08009,0.1082
ECB_00569,0.05889,NA
ECB_00570,NA,NA
ECB_00574,NA,0.0005706
ECB_00576,0.07825,0.1111
ECB_00577,NA,NA
ECB_00578,NA,0.005803
ECB_00579,0.02239,0.03254
ECB_00580,0.05624,0.09533
ECB_00581,0.02356,0.0431
ECB_00582,NA,0.01875
ECB_00583,0.02846,0.0437
ECB_00585,NA,0.002536
ECB_00589,0.03321,0.04151
ECB_00590,0.02592,0.02734
ECB_00591,NA,0.03651
ECB_00592,0.04098,NA
ECB_00593,NA,NA
ECB_00594,0.03794,0.03872
ECB_00596,NA,0.00435
ECB_00597,0.0219,0.02751
ECB_00600,NA,0.0002746
ECB_00601,0.02625,0.03127
ECB_00602,0.03857,0.04411
ECB_00603,0.01425,0.0306
ECB_00604,0.03128,0.03752
ECB_00605,0,0.004444
ECB_00607,0.04815,0.07019
ECB_00608,0.03725,0.02803
ECB_00609,0.03351,0.03508
ECB_00610,NA,0.06644
ECB_00611,0.03807,0.04807
ECB_00612,0.02921,0.04168
ECB_00614,NA,NA
ECB_00615,NA,NA
ECB_00616,NA,NA
ECB_00617,0.0475,0.05806
ECB_00621,NA,0.1149
ECB_00622,0.05311,0.08563
ECB_00623,0.05518,0.07594
ECB_00625,0.04142,0.07369
ECB_00626,0.007523,0.02664
ECB_00627,0.007687,0.01801
ECB_00629,0.03223,0.04983
ECB_00630,0.07001,0.1155
ECB_00631,0.04535,0.08878
ECB_00632,0.05488,0.08743
ECB_00633,0.03475,0.06296
ECB_00634,0.03219,0.04551
ECB_00635,0.0324,0.03537
ECB_00636,0.03986,0.07418
ECB_00637,0.02818,0.05183
ECB_00638,0.05717,NA
ECB_00639,0.03442,0.06391
ECB_00640,0.04259,0.02516
ECB_00641,0.05462,0.05032
ECB_00643,0.05503,0.06072
ECB_00644,0.0235,0.00927
ECB_00645,0.04015,0.06761
ECB_00646,NA,NA
ECB_00648,0.06112,NA
ECB_00649,NA,NA
ECB_00651,NA,0.1082
ECB_00652,0.03666,NA
ECB_00653,0.05679,0.07601
ECB_00654,0.03553,0.08707
ECB_00655,0.04272,0.0879
ECB_00657,0.02111,0.03928
ECB_00659,NA,NA
ECB_00661,NA,NA
ECB_00666,NA,NA
ECB_00667,NA,0.1054
ECB_00668,0.06796,0.1326
ECB_00669,NA,0.07986
ECB_00670,0.02793,0.0301
ECB_00671,0.05102,NA
ECB_00672,0.03438,0.0584
ECB_00673,0.03198,0.05592
ECB_00674,0.01906,0.05584
ECB_00677,NA,NA
ECB_00679,NA,NA
ECB_00680,0.05302,0.04711
ECB_00681,NA,0.003754
ECB_00682,0,0.01851
ECB_00683,0.04951,0.07698
ECB_00684,0.01568,0.01562
ECB_00685,0.02321,0.03325
ECB_00686,0.02157,0.03298
ECB_00687,0.02358,0.02653
ECB_00688,NA,0.06313
ECB_00689,NA,NA
ECB_00690,NA,NA
ECB_00691,NA,NA
ECB_00693,0.02504,0.02234
ECB_00695,0.02409,0.02945
ECB_00696,NA,0.003769
ECB_00697,0.0413,0.04634
ECB_00698,NA,0.009812
ECB_00699,0.0146,0.02981
ECB_00700,0.02615,NA
ECB_00701,NA,0.007906
ECB_00702,NA,0.01251
ECB_00703,0.02304,0.02913
ECB_00704,0.02173,0.02885
ECB_00705,0.0147,NA
ECB_00706,0.03302,0.05434
ECB_00707,0.05299,0.07432
ECB_00708,0.0432,0.04685
ECB_00709,0.04799,NA
ECB_00710,0.03135,NA
ECB_00711,0.01472,NA
ECB_00713,0.03472,NA
ECB_00714,0.02332,NA
ECB_00715,NA,NA
ECB_00716,0.04295,NA
ECB_00717,0.04833,NA
ECB_00718,0.02836,NA
ECB_00719,0.03626,NA
ECB_00720,0.08322,NA
ECB_00722,0.03309,NA
ECB_00723,NA,NA
ECB_00725,0.04291,0.05289
ECB_00740,0.0437,0.05084
ECB_00741,0.02686,0.06925
ECB_00742,0.0838,0.09291
ECB_00743,0.06902,0.0827
ECB_00744,0.05599,0.07649
ECB_00745,0.0548,0.07377
ECB_00746,0.04842,0.08098
ECB_00747,0.06814,0.1059
ECB_00748,0.02489,0.06546
ECB_00749,0.0298,0.0503
ECB_00750,0,0.03015
ECB_00751,0.03652,0.03134
ECB_00752,0.04007,0.06843
ECB_00753,0.05733,0.1051
ECB_00754,0.05243,NA
ECB_00755,NA,0.0969
ECB_00756,0.0455,0.07495
ECB_00757,0.01258,0.03706
ECB_00758,0.01338,0.03016
ECB_00759,0.01861,0.05549
ECB_00760,0.02527,0.06455
ECB_00762,0.03385,0.06553
ECB_00764,0.04821,0.08246
ECB_00765,NA,NA
ECB_00766,0.04747,0.08311
ECB_00767,0.03115,0.04398
ECB_00768,0.03397,0.04692
ECB_00769,0.04552,0.04828
ECB_00770,0.06093,0.06446
ECB_00772,NA,0.05885
ECB_00776,0.02806,0.039
ECB_00777,0.01351,0.03199
ECB_00778,0.01853,0.01669
ECB_00779,0.0134,0.007425
ECB_00780,0.02169,0.02255
ECB_00781,NA,0.0146
ECB_00782,NA,0.03018
ECB_00783,NA,NA
ECB_00784,0.01032,0.02262
ECB_00785,0.03519,0.06928
ECB_00786,0.05182,0.04603
ECB_00787,0.02042,0.05864
ECB_00788,NA,NA
ECB_00789,0.0373,0.03711
ECB_00790,NA,NA
ECB_00793,0.09004,0.1208
ECB_00794,0.03898,0.07223
ECB_00795,NA,NA
ECB_00797,0.02636,0.04732
ECB_00798,0.01954,0.02865
ECB_00799,0.03086,0.04684
ECB_00800,NA,0.05966
ECB_00801,0.05374,0.06475
ECB_00802,0.01788,0.0208
ECB_00803,NA,0.003349
ECB_00804,NA,NA
ECB_00806,0.0204,0.03225
ECB_00807,0.02977,0.0442
ECB_00808,0.01158,0.03396
ECB_00809,0.02138,0.04281
ECB_00810,NA,0.00315
ECB_00812,0.0216,NA
ECB_00813,0.02713,0.02761
ECB_00852,0.02294,0.03471
ECB_00853,0.03289,0.04416
ECB_00854,0.03654,0.008096
ECB_00855,NA,0.01383
ECB_00856,0.02964,0.02396
ECB_00857,0.01142,0.01498
ECB_00858,0.03323,0.01269
ECB_00859,0.06157,0.1197
ECB_00861,0.0522,0.08883
ECB_00862,0.03828,0.08106
ECB_00863,0.01729,0.03055
ECB_00864,0.06153,0.1288
ECB_00865,0.08781,NA
ECB_00866,0.03512,0.07908
ECB_00867,0.02702,0.04971
ECB_00868,0.06482,0.0915
ECB_00869,0.01025,0.01449
ECB_00870,NA,0.2203
ECB_00871,0.05131,0.1187
ECB_00872,0.01862,0.05334
ECB_00875,0.04387,0.07942
ECB_00876,0.05835,0.1087
ECB_00877,0.047,0.04941
ECB_00880,0.04006,0.0623
ECB_00881,0.03826,0.05857
ECB_00882,0.02528,0.03346
ECB_00884,0.04887,0.04426
ECB_00885,NA,0.004067
ECB_00886,NA,0.002237
ECB_00887,0.03723,0.04681
ECB_00888,NA,1.367e-18
ECB_00889,0.0501,0.03888
ECB_00890,0.03448,0.04432
ECB_00891,0.03971,0.04187
ECB_00892,0.03869,0.04813
ECB_00893,0.008698,0.007809
ECB_00894,NA,NA
ECB_00896,0.04713,0.04878
ECB_00897,0.03995,0.0414
ECB_00899,0.07709,NA
ECB_00900,0.02871,0.06229
ECB_00901,NA,0.0468
ECB_00902,0.021,0.03343
ECB_00904,NA,NA
ECB_00905,NA,NA
ECB_00906,0.03619,0.05454
ECB_00907,NA,NA
ECB_00908,0.03111,0.03277
ECB_00910,0.0553,0.06627
ECB_00911,0.05726,0.08481
ECB_00912,0.06221,0.07346
ECB_00914,0.02408,0.02229
ECB_00915,NA,0.003848
ECB_00916,NA,0.0003482
ECB_00918,0.03003,0.04027
ECB_00919,0.01643,0.03059
ECB_00920,NA,0.03744
ECB_00921,0.0268,0.02822
ECB_00922,0.04645,0.05799
ECB_00923,0.02556,0.02567
ECB_00924,0.04842,0.04921
ECB_00925,0.02046,0.0177
ECB_00926,0.02464,0.0422
ECB_00928,NA,0.06814
ECB_00929,0.01881,0.02684
ECB_00930,0.02204,0.01986
ECB_00931,0.03937,0.0352
ECB_00932,0.03686,0.04089
ECB_00933,NA,0.07883
ECB_00934,0.02019,0.02941
ECB_00935,0.02413,NA
ECB_00936,0.04573,0.08607
ECB_00937,NA,0.1048
ECB_00939,0.05119,0.1095
ECB_00941,0.0934,0.1285
ECB_00943,NA,NA
ECB_00944,NA,NA
ECB_00945,NA,NA
ECB_00946,NA,NA
ECB_00949,0.03651,0.04333
ECB_00951,0.03616,0.0477
ECB_00952,0.02719,0.04786
ECB_00953,0.0432,0.06641
ECB_00954,0.03175,0.02958
ECB_00955,0.02042,0.01753
ECB_00957,NA,NA
ECB_00958,0.05509,0.02014
ECB_00959,0.02714,0.02016
ECB_00960,0.03678,0.02504
ECB_00961,NA,0.0313
ECB_00962,NA,0.009222
ECB_00963,NA,NA
ECB_00965,0.03477,0.01153
ECB_00966,0.01787,0.02366
ECB_00968,0.03342,0.02091
ECB_00972,0.03984,NA
ECB_00974,0.0142,0.03569
ECB_00975,0.04382,0.03877
ECB_00976,0.03002,0.05793
ECB_00977,0.02913,0.07588
ECB_00978,0.06275,0.1014
ECB_00979,0.03873,0.04817
ECB_00980,0.03466,0.03442
ECB_00981,0.01704,NA
ECB_00982,0.02857,0.05355
ECB_00983,0.04199,0.04191
ECB_00984,NA,NA
ECB_00986,NA,NA
ECB_00987,NA,NA
ECB_00988,NA,NA
ECB_00989,NA,NA
ECB_00991,0.01666,NA
ECB_00992,0.009172,NA
ECB_00993,NA,NA
ECB_00995,0.04656,0.03345
ECB_00997,0.05052,0.05547
ECB_00998,0.05845,0.0538
ECB_00999,0.03537,0.05538
ECB_01000,0.03128,0.05004
ECB_01001,0.05282,0.05729
ECB_01002,0.0294,0.03881
ECB_01003,0.01865,0.02116
ECB_01004,NA,NA
ECB_01005,NA,0.06662
ECB_01006,0.02341,0.0112
ECB_01007,0.01928,NA
ECB_01011,0.02613,0.05456
ECB_01012,0.01442,0.02711
ECB_01013,0.0245,0.03883
ECB_01016,0.0475,0.05521
ECB_01017,0.04147,0.07152
ECB_01018,0.03583,0.08258
ECB_01020,0.0394,0.0545
ECB_01021,0.08064,0.1066
ECB_01022,0.02977,NA
ECB_01023,NA,NA
ECB_01024,NA,NA
ECB_01025,NA,NA
ECB_01026,NA,NA
ECB_01027,NA,NA
ECB_01031,0.06326,0.06098
ECB_01032,0.02718,0.04184
ECB_01034,0.0373,0.06459
ECB_01035,0.05323,0.02744
ECB_01036,NA,0.0144
ECB_01037,0.01608,0.01913
ECB_01038,0.01628,0.00933
ECB_01039,NA,0.1375
ECB_01040,0.008621,0.01426
ECB_01041,NA,NA
ECB_01042,0.04151,0.02841
ECB_01044,0.03978,0.044
ECB_01045,0.02816,0.02218
ECB_01046,0.04219,0.0399
ECB_01047,0.04582,0.04909
ECB_01049,0.0187,0.03951
ECB_01050,0.01618,0.0154
ECB_01051,0.04009,0.04673
ECB_01052,0.04571,0.03535
ECB_01053,0.03455,0.01837
ECB_01054,NA,NA
ECB_01055,0.04196,0.04584
ECB_01057,NA,0.01634
ECB_01058,0.05921,0.06869
ECB_01059,0.0177,0.02398
ECB_01060,0.01673,0.01237
ECB_01062,0.009085,0.00683
ECB_01063,NA,0.05326
ECB_01064,0.04029,0.05263
ECB_01065,0.02298,0.03922
ECB_01066,0.05078,0.03471
ECB_01067,0.04087,0.04623
ECB_01068,0.0509,0.04381
ECB_01069,0.01258,0.0108
ECB_01070,0.0261,0.03637
ECB_01071,0.03898,0.0562
ECB_01072,0.0375,0.05381
ECB_01073,0.03927,0.06175
ECB_01074,0.01773,0.02866
ECB_01075,0.02082,0.03154
ECB_01077,0.02781,0.04883
ECB_01078,0.02779,0.03894
ECB_01079,0.04844,0.07122
ECB_01080,0.03935,0.04347
ECB_01082,0.04025,0.04286
ECB_01084,NA,0.0007506
ECB_01085,NA,2.059e-09
ECB_01087,0.01683,0.02425
ECB_01088,0.03211,0.02262
ECB_01089,NA,0.003423
ECB_01090,NA,0.0006543
ECB_01091,0.01636,0.00996
ECB_01092,0.01954,0.02343
ECB_01093,0.01195,0.02784
ECB_01094,0.05322,0.05892
ECB_01095,0.0449,0.03043
ECB_01096,0.026,0.02239
ECB_01097,0.02191,0.007958
ECB_01098,0.02839,0.02769
ECB_01100,NA,0.003744
ECB_01101,0.032,0.03699
ECB_01102,0.02318,0.01545
ECB_01103,NA,0.07761
ECB_01105,0.04387,0.05044
ECB_01106,0.02217,0.03114
ECB_01108,0.04565,0.02949
ECB_01109,0.04299,0.04543
ECB_01110,NA,0.06355
ECB_01111,0.05658,NA
ECB_01112,0.0289,NA
ECB_01114,0.03754,0.06564
ECB_01118,0.09087,0.1125
ECB_01119,NA,NA
ECB_01121,0.04407,0.06799
ECB_01122,0.01763,0.04585
ECB_01124,0.01712,0.03242
ECB_01125,0.03395,0.03122
ECB_01127,0.01767,0.02757
ECB_01128,0.03557,0.04017
ECB_01129,0.03042,0.04675
ECB_01130,0.0108,0.03776
ECB_01132,0.07825,0.06822
ECB_01134,NA,0.06366
ECB_00726,NA,NA
ECB_00847,NA,NA
ECB_00849,NA,NA
ECB_01135,NA,NA
ECB_01136,NA,NA
ECB_01137,NA,NA
ECB_01138,NA,NA
ECB_01139,NA,NA
ECB_01140,NA,NA
ECB_01141,NA,NA
ECB_01142,NA,NA
ECB_01149,0.03159,0.01714
ECB_01150,0.02969,0.01777
ECB_01151,0.0302,0.01423
ECB_01152,0.01952,0.02293
ECB_01153,0.06407,0.02207
ECB_01155,0.02233,0.03139
ECB_01158,0.03783,0.032
ECB_01159,0.02225,NA
ECB_01161,0.05208,0.08117
ECB_01162,0.02466,0.03207
ECB_01163,0.02664,0.03632
ECB_01164,0.0274,0.04388
ECB_01165,0.02498,0.04491
ECB_01167,0.02109,0.03798
ECB_01169,NA,0.03531
ECB_01170,0.006179,0.04445
ECB_01171,NA,NA
ECB_01172,0.03454,NA
ECB_01174,NA,0.0305
ECB_01177,NA,NA
ECB_01178,0.0392,0.03468
ECB_01179,0.04341,0.02771
ECB_01180,0.02147,0.009512
ECB_01182,0.01143,0.005421
ECB_01183,0.03665,0.03575
ECB_01184,0.05748,0.05211
ECB_01185,0.06569,0.114
ECB_01186,0.02623,0.04044
ECB_01187,0.04928,0.04043
ECB_01188,0.02972,0.04214
ECB_01189,0.03098,0.02239
ECB_01190,0.04146,0.0422
ECB_01194,0.02737,0.02856
ECB_01195,0.04518,0.03463
ECB_01197,0.0219,0.02859
ECB_01199,0.01531,NA
ECB_01200,0.02474,0.02256
ECB_01201,0.02631,NA
ECB_01202,0.03982,NA
ECB_01203,0.03934,NA
ECB_01204,0.02429,0.06672
ECB_01205,0.02596,NA
ECB_01208,0.04461,0.04861
ECB_01209,0.03323,0.01546
ECB_01211,0.04157,0.02644
ECB_01212,0.02247,0.0272
ECB_01213,0.05023,0.006111
ECB_01214,0.03755,0.01735
ECB_01215,NA,0.02273
ECB_01216,0.01687,0.0192
ECB_01217,0.02689,0.02348
ECB_01218,0.04861,0.04971
ECB_01219,0.02301,0.02925
ECB_01221,0.0406,0.04729
ECB_01223,0.02872,0.04537
ECB_01224,0.03912,0.02862
ECB_01226,NA,NA
ECB_01227,0.04195,0.03741
ECB_01228,0.01999,0.0275
ECB_01229,0.02705,0.02781
ECB_01230,NA,0.05826
ECB_01231,0.02494,NA
ECB_01232,0.06529,NA
ECB_01234,0.04655,0.08708
ECB_01235,0.04724,0.08239
ECB_01237,0.07925,0.09252
ECB_01238,0.08909,0.09825
ECB_01240,0.04725,0.03604
ECB_01245,0.06447,0.09948
ECB_01246,NA,0.1201
ECB_01247,0.02883,0.04354
ECB_01248,0.04866,0.05287
ECB_01249,0.014,0.01917
ECB_01250,0.04254,0.03934
ECB_01251,0.0351,0.04324
ECB_01253,0.03721,0.04858
ECB_01254,0.01681,0.01031
ECB_01255,0.02886,0.03194
ECB_01256,0.03162,0.02078
ECB_01257,0.03641,0.05095
ECB_01258,0.03021,0.03156
ECB_01260,0.05082,0.06298
ECB_01261,0.0432,0.04941
ECB_01262,0.0385,NA
ECB_01263,0.02421,0.0292
ECB_01265,0.02786,0.01722
ECB_01266,NA,NA
ECB_01267,0.02647,0.04293
ECB_01268,0.0439,0.03823
ECB_01269,0.02778,0.04908
ECB_01270,0.02859,0.03518
ECB_01271,0.01872,0.04434
ECB_01272,0.0413,0.02341
ECB_01276,0.03973,NA
ECB_01277,NA,NA
ECB_01278,NA,NA
ECB_01279,NA,NA
ECB_01281,0.06227,0.04912
ECB_01282,NA,0.00321
ECB_01283,0.0342,0.0288
ECB_01284,0.03231,0.0454
ECB_01285,0.03746,0.02659
ECB_01287,NA,NA
ECB_01288,0.02729,NA
ECB_01289,0.04988,NA
ECB_01290,0.08219,NA
ECB_01292,0.03,NA
ECB_01293,0.05918,NA
ECB_01294,0.03336,NA
ECB_01296,0.03067,NA
ECB_01297,0.08581,NA
ECB_01298,0.09617,0.1195
ECB_01299,0.0575,0.0836
ECB_01300,0.03639,0.04598
ECB_01301,0.02064,0.005877
ECB_01306,NA,0.01921
ECB_01308,0.03109,0.04067
ECB_01309,NA,0.01453
ECB_01310,0.01964,0.0245
ECB_01311,0.02729,NA
ECB_01312,0.05386,0.06986
ECB_01314,NA,NA
ECB_01316,NA,NA
ECB_01317,0.03073,0.03213
ECB_01319,0.05356,0.03705
ECB_01320,0.03989,0.04338
ECB_01321,0.0409,0.0443
ECB_01322,NA,NA
ECB_01324,NA,NA
ECB_01325,NA,NA
ECB_01326,NA,NA
ECB_01327,NA,NA
ECB_01328,NA,NA
ECB_01339,NA,NA
ECB_01340,NA,NA
ECB_01504,NA,NA
ECB_01348,NA,NA
ECB_01349,0.05014,0.0614
ECB_01351,0.04182,0.01474
ECB_01352,0.03581,0.02106
ECB_01353,0.05732,0.06867
ECB_01354,NA,0.2554
ECB_01356,NA,NA
ECB_01361,0.09134,NA
ECB_01364,NA,0.07236
ECB_01365,0.03417,0.05481
ECB_01366,0.02389,0.05376
ECB_01367,0.06042,0.0838
ECB_01369,0.03077,0.04411
ECB_01370,0.04488,NA
ECB_01375,0.03065,0.02337
ECB_01377,NA,NA
ECB_01378,NA,0.0409
ECB_01380,NA,0.03695
ECB_01384,0.03627,NA
ECB_01385,NA,NA
ECB_01386,0.027,0.0278
ECB_01387,0.03195,0.04427
ECB_01388,NA,0.04101
ECB_01390,NA,NA
ECB_01392,0.04086,0.03839
ECB_01394,NA,0.007317
ECB_01396,0.0437,NA
ECB_01397,0.05288,0.05387
ECB_01398,0.05221,0.07137
ECB_01399,0.02971,0.06172
ECB_01400,NA,0.04672
ECB_01401,0.0484,0.06115
ECB_01403,0.01798,0.05083
ECB_01404,0.04569,0.07438
ECB_01405,0.05699,0.08186
ECB_01408,0.06419,0.08777
ECB_01409,0.03314,0.04116
ECB_01411,NA,NA
ECB_01412,NA,NA
ECB_01415,NA,NA
ECB_01419,NA,NA
ECB_01421,0.03526,0.06026
ECB_01423,NA,NA
ECB_01424,0.04222,0.07634
ECB_01425,0.07313,NA
ECB_01426,0.05895,NA
ECB_01427,0.03474,NA
ECB_01428,NA,NA
ECB_01432,NA,NA
ECB_01433,0.01565,NA
ECB_01434,0.02132,0.03946
ECB_01438,NA,NA
ECB_01440,0.02311,0.05956
ECB_01441,0.05322,NA
ECB_01442,0.04672,NA
ECB_01443,NA,NA
ECB_01444,NA,NA
ECB_01445,NA,NA
ECB_01446,NA,NA
ECB_01449,0.05018,0.04833
ECB_01450,0.02737,0.02879
ECB_01451,0.03583,NA
ECB_01452,NA,0.03085
ECB_01453,0.03447,0.03499
ECB_01454,0.0279,0.03163
ECB_01457,0.05225,0.02525
ECB_01458,NA,NA
ECB_01459,0.03625,0.04459
ECB_01460,0.0606,NA
ECB_01461,NA,NA
ECB_01462,NA,NA
ECB_01469,NA,NA
ECB_01470,NA,NA
ECB_01472,NA,NA
ECB_01473,NA,NA
ECB_01474,NA,NA
ECB_01475,NA,NA
ECB_01476,0.04495,NA
ECB_01479,0.04095,NA
ECB_01480,0.08075,0.08337
ECB_01481,0.04697,0.05263
ECB_01483,NA,0.07053
ECB_01484,NA,NA
ECB_01485,0.03633,0.04888
ECB_01486,0.0396,0.06023
ECB_01491,0.07146,0.09166
ECB_01493,0.05971,0.08168
ECB_01494,NA,NA
ECB_01495,NA,NA
ECB_01496,NA,NA
ECB_01497,0.04224,0.0493
ECB_01498,0.03048,0.02069
ECB_01499,NA,0.02261
ECB_01500,NA,NA
ECB_01501,0.04905,NA
ECB_01503,NA,NA
ECB_01345,NA,NA
ECB_01517,NA,NA
ECB_01518,NA,NA
ECB_01519,NA,NA
ECB_01520,NA,NA
ECB_01531,NA,NA
ECB_01532,NA,NA
ECB_01538,NA,NA
ECB_01539,NA,NA
ECB_01540,NA,NA
ECB_01543,NA,NA
ECB_01544,NA,NA
ECB_01549,NA,NA
ECB_01550,0.02997,NA
ECB_01551,0.03791,0.03821
ECB_01552,0.03317,0.02152
ECB_01553,0.02268,0.0284
ECB_01556,0.01921,NA
ECB_01558,0.0387,NA
ECB_01559,0.02206,NA
ECB_01563,0.02685,0.03963
ECB_01564,0.03871,0.04305
ECB_01565,0.03018,0.04205
ECB_01567,0.04435,NA
ECB_01568,0.01822,0.007019
ECB_01569,0.03302,NA
ECB_01570,0.02012,NA
ECB_01571,0.03361,0.03417
ECB_01572,0.02417,0.02971
ECB_01573,0.02469,0.0281
ECB_01574,0.01189,0.02455
ECB_01575,0.04453,0.04235
ECB_01576,0.03287,0.02979
ECB_01578,0.0259,0.03871
ECB_01579,0.05055,0.05892
ECB_01580,0.04946,0.06107
ECB_01581,0.06071,NA
ECB_01583,0.02559,0.04245
ECB_01585,0.02357,0.0363
ECB_01586,0.02547,NA
ECB_01587,0.02157,0.02692
ECB_01588,0.05389,0.05764
ECB_01589,0.04812,0.04323
ECB_01590,0.02629,0.04417
ECB_01591,0.03674,0.06439
ECB_01592,0.03299,0.02832
ECB_01595,0.01387,0.02367
ECB_01597,0.02204,0.03073
ECB_01598,0.02117,0.01822
ECB_01599,0.0358,0.05555
ECB_01600,0.02242,0.02823
ECB_01601,0.02586,0.0317
ECB_01602,0.02097,0.02385
ECB_01603,0.03187,0.03865
ECB_01604,0.03012,0.02945
ECB_01605,0.0144,0.02726
ECB_01606,0.03779,0.03585
ECB_01607,0.02368,NA
ECB_01608,0.03025,0.03641
ECB_01610,0.02933,0.04025
ECB_01613,0.02195,0.01701
ECB_01615,0.03207,0.03996
ECB_01616,0.02928,0.02336
ECB_01620,0.04132,0.05227
ECB_01621,0.02666,0.02092
ECB_01622,0.03171,0.03164
ECB_01623,NA,NA
ECB_01624,NA,0.02679
ECB_01625,0.02737,0.02257
ECB_01626,0.02933,0.02172
ECB_01627,0.03193,0.0338
ECB_01629,0.03256,0.05293
ECB_01630,0.04417,0.04017
ECB_01632,0.02974,0.0416
ECB_01633,0.04959,0.0334
ECB_01635,0.04503,0.04363
ECB_01636,NA,0.0526
ECB_01637,NA,NA
ECB_01638,0.0366,NA
ECB_01639,0.02319,0.02901
ECB_01641,0.0335,0.03866
ECB_01642,0.0479,0.05094
ECB_01643,0.0354,0.03577
ECB_01644,NA,0.001234
ECB_01645,NA,0.01482
ECB_01646,NA,1.046e-08
ECB_01647,0.0441,0.05278
ECB_01648,0.05279,0.07009
ECB_01649,0.05587,0.07043
ECB_01650,0.04254,0.05779
ECB_01651,0.03688,0.05037
ECB_01653,0.01827,NA
ECB_01655,0.05182,0.05221
ECB_01656,0.0422,0.06171
ECB_01657,0.02556,0.03681
ECB_01661,0.04186,0.04631
ECB_01662,0.02757,0.02855
ECB_01663,0.03046,NA
ECB_01665,0.05471,NA
ECB_01666,0.01306,NA
ECB_01667,0.0212,NA
ECB_01668,0.03588,NA
ECB_01669,0.02459,NA
ECB_01671,0.02986,0.04289
ECB_01672,0.04253,0.04705
ECB_01673,0.03602,0.03243
ECB_01674,0.02478,0.008516
ECB_01675,0.03241,0.03514
ECB_01676,NA,NA
ECB_01677,0.02542,0.02674
ECB_01678,0.04313,0.03995
ECB_01679,0.03271,0.0497
ECB_01680,0.02817,0.02372
ECB_01681,NA,0.0001571
ECB_01682,0.04293,0.0533
ECB_01683,0.02923,0.04851
ECB_01685,NA,0.001933
ECB_01687,NA,NA
ECB_01688,0.02108,0.02233
ECB_01691,0.03561,0.03118
ECB_01693,0.0507,0.02773
ECB_01694,0.02782,0.03919
ECB_01695,0.04218,0.03081
ECB_01696,0.04211,0.04655
ECB_01698,NA,0.044
ECB_01702,NA,0.1174
ECB_01703,NA,0.04595
ECB_01704,0.0301,0.02293
ECB_01705,NA,0.0315
ECB_01706,0.0243,0.04105
ECB_01707,NA,8.55e-27
ECB_01708,NA,0.0008296
ECB_01709,0.03259,0.0477
ECB_01710,0.05017,0.0564
ECB_01712,NA,0.01156
ECB_01713,0.03909,0.04763
ECB_01714,NA,0.08763
ECB_01715,0.05035,0.09155
ECB_01716,0.0307,0.04878
ECB_01717,0.04974,0.04917
ECB_01718,0.06456,0.06212
ECB_01721,0.04938,0.06199
ECB_01722,0.024,0.04778
ECB_01725,NA,0.1401
ECB_01728,0.02031,0.02465
ECB_01729,0.04148,NA
ECB_01730,0.03946,0.05216
ECB_01732,0.0507,0.09677
ECB_01733,0.06423,0.06322
ECB_01734,0.04105,0.06964
ECB_01735,0.02581,0.04121
ECB_01736,0.05374,0.07009
ECB_01738,0.06588,NA
ECB_01739,0.03187,NA
ECB_01740,0.0383,NA
ECB_01742,NA,NA
ECB_01743,NA,NA
ECB_01744,0.03214,NA
ECB_01745,0.02682,NA
ECB_01747,0.04696,0.04866
ECB_01748,NA,0.009512
ECB_01750,0.04079,0.05808
ECB_01751,0.01489,0.01831
ECB_01752,0.04868,0.03525
ECB_01753,0.04157,0.04879
ECB_01754,0.0378,0.02961
ECB_01756,0.03444,0.02508
ECB_01758,0.0168,0.0469
ECB_01759,NA,0.03896
ECB_01760,0.03122,0.04426
ECB_01762,NA,0.02486
ECB_01764,0.03378,NA
ECB_01765,NA,NA
ECB_01766,0.02479,NA
ECB_01768,0.01971,0.02455
ECB_01770,NA,NA
ECB_01771,NA,NA
ECB_01772,NA,NA
ECB_01773,0.04189,NA
ECB_01774,0.0257,0.04427
ECB_01775,0.05779,0.09369
ECB_01776,NA,0.05755
ECB_01777,0.08272,0.122
ECB_01778,0.05509,0.09664
ECB_01781,NA,NA
ECB_01782,0.03654,0.03437
ECB_01783,0.04143,0.04585
ECB_01784,0.03515,NA
ECB_01786,NA,0.02188
ECB_01787,0.008383,0.01476
ECB_01788,0.04154,0.0174
ECB_01790,0.02457,0.02729
ECB_01792,0.02496,0.02927
ECB_01793,NA,NA
ECB_01794,NA,1.119e-21
ECB_01795,NA,0.02497
ECB_01796,NA,NA
ECB_01798,NA,0.03042
ECB_01800,0.009598,0.02863
ECB_01801,0.03564,0.04355
ECB_01804,NA,0.05943
ECB_01810,0.05613,0.04272
ECB_01811,0.02629,0.02594
ECB_01812,0.03414,0.04165
ECB_01813,0.03163,0.01738
ECB_01814,0.05249,0.03137
ECB_01815,0.02269,0.03762
ECB_01816,0.04223,0.06141
ECB_01817,NA,NA
ECB_01819,NA,0.01304
ECB_01820,0.03031,0.05112
ECB_01821,0.02229,0.01635
ECB_01822,0.02855,0.03139
ECB_01823,0.03145,0.03064
ECB_01824,0.04706,0.02213
ECB_01825,0.03727,0.03734
ECB_01826,0.02101,0.02368
ECB_01829,0.03794,0.04358
ECB_01830,0.04146,0.06204
ECB_01831,0.04809,0.05866
ECB_01832,0.05315,0.03553
ECB_01834,0.06686,0.103
ECB_01835,NA,0.05004
ECB_01836,0.03662,0.03501
ECB_01837,0.0345,0.04515
ECB_01839,0.03176,NA
ECB_01841,0.03086,0.02994
ECB_01842,0.07166,0.1141
ECB_01844,0.07483,0.05738
ECB_01847,0.02718,0.04963
ECB_01849,0.07543,0.105
ECB_01850,0.05203,0.07921
ECB_01851,NA,0.05477
ECB_01852,0.033,0.01891
ECB_01853,0.01659,0.01709
ECB_01854,0.0294,0.05623
ECB_01855,0.01902,0.03691
ECB_01856,NA,NA
ECB_01857,0.03051,0.03502
ECB_01858,0.009188,0.01995
ECB_01859,0.02738,0.03773
ECB_01860,0.02801,0.04577
ECB_01861,0.01298,0.02013
ECB_01862,0.0327,0.01328
ECB_01864,0.02129,0.02399
ECB_01865,0.03869,0.0361
ECB_01866,0.02394,0.03642
ECB_01868,0.0225,0.03486
ECB_01869,0.03735,0.04468
ECB_01870,0.03393,0.04016
ECB_01872,0.02848,0.03299
ECB_01873,0.01248,0.01978
ECB_01874,NA,0.04761
ECB_01875,0.03581,0.05162
ECB_01876,0.03599,0.03882
ECB_01877,0.00774,0.02778
ECB_01879,0.03668,NA
ECB_01882,NA,NA
ECB_01883,NA,0.05811
ECB_01885,NA,0.03995
ECB_01886,0.03576,NA
ECB_01887,0.02667,0.04142
ECB_01888,NA,0.0452
ECB_01893,NA,NA
ECB_01894,NA,0.05435
ECB_01895,0.03598,0.03717
ECB_01897,0.04518,NA
ECB_01898,NA,0.05278
ECB_01899,NA,0.05612
ECB_01900,NA,0.04281
ECB_01901,0.03491,0.03689
ECB_01902,0.02511,0.03176
ECB_02805,NA,NA
ECB_02806,NA,NA
ECB_02808,NA,NA
ECB_01911,NA,NA
ECB_01912,0.03698,0.03592
ECB_01914,0.07684,0.1032
ECB_01915,0.03759,NA
ECB_01916,0.02326,NA
ECB_01919,0.05605,0.03764
ECB_01921,0.06772,0.07561
ECB_01922,NA,0.1487
ECB_01923,0.06239,0.2898
ECB_01925,0.06634,0.3143
ECB_01927,NA,0.2506
ECB_01928,NA,0.3956
ECB_01930,NA,0.74
ECB_01931,NA,0.5036
ECB_01944,NA,NA
ECB_01945,NA,NA
ECB_01946,NA,NA
ECB_01947,NA,NA
ECB_01948,NA,0.783
ECB_01949,NA,NA
ECB_01950,NA,NA
ECB_01951,NA,NA
ECB_01952,NA,NA
ECB_01953,NA,NA
ECB_01954,NA,NA
ECB_01955,NA,NA
ECB_01956,0.04522,NA
ECB_01958,NA,NA
ECB_01959,0.05444,NA
ECB_01960,0.04222,NA
ECB_01961,0.08143,NA
ECB_01962,0.05399,NA
ECB_01963,NA,NA
ECB_01964,0.0443,NA
ECB_01965,NA,NA
ECB_01967,NA,NA
ECB_01968,NA,NA
ECB_01970,0.03539,0.05451
ECB_01971,0.004392,0.03612
ECB_01973,NA,NA
ECB_01974,0.04835,0.05618
ECB_01976,0.06005,NA
ECB_01977,0.08064,0.1408
ECB_01978,NA,0.09983
ECB_01980,0.07196,0.1022
ECB_01981,0.05599,0.1143
ECB_01982,0.05846,0.07073
ECB_01983,0.1032,0.1727
ECB_01984,0.05398,0.06953
ECB_01986,0.03276,0.063
ECB_01987,NA,NA
ECB_02015,0.04103,0.03858
ECB_01512,NA,NA
ECB_02017,0.04499,NA
ECB_02018,NA,0.05124
ECB_02019,NA,0.03434
ECB_02020,0.02432,0.01611
ECB_02026,0.01205,0.04413
ECB_02027,0.05,0.06487
ECB_02028,0.0291,0.03552
ECB_02029,0.02422,0.03304
ECB_02031,0.04444,0.03928
ECB_02032,0.06433,0.08444
ECB_00021,NA,NA
ECB_02042,NA,NA
ECB_02044,0.07261,0.09841
ECB_02046,0.1117,0.1439
ECB_02049,0.1033,NA
ECB_02050,0.05902,0.108
ECB_02053,0.0254,0.01557
ECB_02055,0.03199,0.04001
ECB_02056,0.02116,NA
ECB_02058,0.03755,0.04948
ECB_02059,0.06872,0.09766
ECB_02060,0.03267,0.0585
ECB_02061,0.08081,0.1187
ECB_02062,0.07072,0.07674
ECB_02063,0.03854,0.05722
ECB_02067,NA,0.07984
ECB_02069,NA,0.06996
ECB_02070,0.01658,0.02099
ECB_02071,0.0384,0.04734
ECB_02072,0.0191,0.02912
ECB_02073,0.04153,0.01234
ECB_02074,0.02284,0.01346
ECB_02075,0.05674,0.06942
ECB_02077,NA,0.06753
ECB_02078,NA,0.06157
ECB_02079,0.03119,NA
ECB_02080,0.02253,0.02303
ECB_02081,0.02432,0.0591
ECB_02082,0.04144,0.04786
ECB_02083,0.07509,0.07097
ECB_02084,NA,0.02537
ECB_02085,0.003304,0.02116
ECB_02086,0.0278,0.0337
ECB_02087,0.007308,0.01108
ECB_02088,0.02248,0.03161
ECB_02089,NA,NA
ECB_02090,0.08916,NA
ECB_02091,0.1027,0.1145
ECB_02093,NA,NA
ECB_02094,NA,0.2001
ECB_02095,NA,0.256
ECB_02096,0.02714,0.04275
ECB_02097,0.008076,0.01464
ECB_02098,0.02357,0.03623
ECB_02099,0.03135,NA
ECB_02102,0.03066,0.03855
ECB_02103,0.02015,0.03424
ECB_02105,0.03827,0.0187
ECB_02106,0.04288,0.05707
ECB_02108,0.03036,0.04373
ECB_02109,0.04871,0.06636
ECB_02110,0.03492,0.02994
ECB_02111,0.03953,0.02059
ECB_02112,0.03097,0.06423
ECB_02113,0.03252,0.05254
ECB_02114,0.04144,0.07308
ECB_02115,NA,0.006695
ECB_02116,0.02483,0.04528
ECB_02117,NA,0.0001099
ECB_02118,0.02851,0.03332
ECB_02120,0.03297,0.04051
ECB_02121,0.03744,0.07823
ECB_02122,0.007412,NA
ECB_02123,0.04355,0.05888
ECB_02124,0.06221,0.07217
ECB_02125,0.01803,0.009506
ECB_02126,0.0166,0.02455
ECB_02127,0.01814,0.0386
ECB_02129,0.02532,0.02129
ECB_02131,0.02079,0.04354
ECB_02132,0.008096,0.02414
ECB_02133,0.02598,0.05562
ECB_02134,NA,0.006281
ECB_02135,0.01183,0.01153
ECB_02136,0.0345,0.04137
ECB_02137,0.03562,0.05212
ECB_02138,0.019,NA
ECB_02139,0.03836,0.0555
ECB_02140,0.05528,0.08692
ECB_02141,0.07137,0.09157
ECB_02142,NA,0.1249
ECB_02146,NA,NA
ECB_02147,NA,NA
ECB_02148,NA,NA
ECB_02149,NA,NA
ECB_02150,NA,NA
ECB_02151,NA,NA
ECB_02152,NA,0.07649
ECB_02153,NA,NA
ECB_02157,0.05571,0.06205
ECB_02158,0.05409,0.1055
ECB_02159,NA,0.2315
ECB_02160,0.02991,0.0567
ECB_02161,0.06328,0.08669
ECB_02162,0.05783,0.08225
ECB_02163,0.02952,0.03106
ECB_02165,0.05386,0.06726
ECB_02166,0.03842,0.0673
ECB_02167,NA,0.06913
ECB_02168,0.07909,0.1201
ECB_02169,0.0388,0.06471
ECB_02170,0.03592,0.06338
ECB_02171,NA,NA
ECB_02174,NA,NA
ECB_02175,0.03874,0.06807
ECB_02177,0.03941,0.03593
ECB_02178,0.05023,0.05016
ECB_02180,0.06808,0.04647
ECB_02181,0.04593,NA
ECB_02182,0.04387,0.05618
ECB_02183,0.03733,0.038
ECB_02187,0.05683,0.08078
ECB_02188,0.03365,0.0838
ECB_02189,0.05631,0.06436
ECB_02190,0.04198,0.05603
ECB_02191,0.03911,0.07059
ECB_02193,0.04291,0.0209
ECB_02194,NA,0.1982
ECB_02196,NA,NA
ECB_02198,NA,0.1333
ECB_02202,0.00525,0.04544
ECB_02203,0,0.03332
ECB_02204,0.01485,0.02752
ECB_02205,0.005167,0.03186
ECB_02206,0.01963,0.02004
ECB_02207,0.01085,0.02466
ECB_02209,0.05073,0.09322
ECB_02210,0.02386,0.09162
ECB_02212,0.0123,0.01425
ECB_02214,0.01862,0.02982
ECB_02215,0.03131,0.03563
ECB_02216,0.02577,0.02673
ECB_02217,0.03212,0.03929
ECB_02220,NA,NA
ECB_02221,NA,0.003001
ECB_02222,NA,0.02836
ECB_02224,0.009164,0.0221
ECB_02226,0.02825,NA
ECB_02227,0.03107,0.04658
ECB_02228,NA,0.004441
ECB_02229,0.04283,0.0604
ECB_02230,0.04087,NA
ECB_02231,0.06836,0.112
ECB_02232,0.04699,0.07958
ECB_02233,0.02399,NA
ECB_02234,NA,NA
ECB_02235,0.05529,NA
ECB_02236,0.05393,0.07202
ECB_02237,0.02644,0.04696
ECB_02238,0.03219,0.02587
ECB_02240,0.01141,0.02111
ECB_02241,0.01255,0.02305
ECB_02242,NA,0.1496
ECB_02243,0.01707,0.03216
ECB_02244,0.02667,0.05616
ECB_02245,0.06379,0.07358
ECB_02246,NA,0.0358
ECB_02247,NA,0.05185
ECB_02248,NA,0.05758
ECB_02250,0.0371,0.03418
ECB_02251,0.06575,0.1095
ECB_02252,0.1126,0.1436
ECB_02253,0.05348,0.07733
ECB_02254,0.1017,0.1439
ECB_02256,NA,0.3218
ECB_02258,NA,NA
ECB_02259,NA,NA
ECB_02260,NA,NA
ECB_02261,NA,0.9051
ECB_02263,NA,NA
ECB_02264,0.04729,0.06454
ECB_02265,0.05135,0.07261
ECB_02266,0.09486,0.1231
ECB_02272,0.03142,0.04789
ECB_02273,0.03339,0.04557
ECB_03516,NA,NA
ECB_00846,NA,NA
ECB_02274,NA,NA
ECB_02275,NA,NA
ECB_02276,0.06508,NA
ECB_02277,0.03694,0.05135
ECB_02278,0.05453,0.06951
ECB_02279,0.02865,0.02275
ECB_02280,0.0567,0.06188
ECB_02282,0.0449,0.04764
ECB_02283,0.03672,0.02776
ECB_02284,0.04466,0.02785
ECB_02285,0.04607,0.05208
ECB_02286,NA,NA
ECB_02287,0.01558,0.0429
ECB_02289,0.04919,0.0893
ECB_02290,NA,0.0774
ECB_02291,0.03291,NA
ECB_02292,0.03893,0.06084
ECB_02293,0.05235,0.09628
ECB_02294,0.06929,0.1296
ECB_02295,0.03401,0.0812
ECB_02296,0.05782,0.07492
ECB_02297,0.06665,0.06803
ECB_02298,0.03849,0.03467
ECB_02299,0.04409,0.06723
ECB_02300,0.04368,NA
ECB_02301,0.07341,0.1003
ECB_02302,0.03626,0.04286
ECB_02306,0.03969,0.05824
ECB_02308,0.01194,NA
ECB_02309,0.03902,0.05678
ECB_02311,0.03728,0.04257
ECB_02312,0.01043,0.02201
ECB_02313,0.02317,0.03415
ECB_02314,0.02048,0.02853
ECB_02315,NA,0.003371
ECB_02316,0.01587,0.006429
ECB_02317,NA,0.03112
ECB_02318,0.03753,0.06289
ECB_02319,NA,0.1566
ECB_02320,NA,NA
ECB_02321,0.06873,0.1162
ECB_02322,0.07364,0.1461
ECB_02324,0.0871,0.1446
ECB_02325,NA,0.1106
ECB_02327,0.05939,NA
ECB_02328,0.09705,0.1415
ECB_02329,0.05172,0.102
ECB_02332,0.01831,0.03767
ECB_02335,NA,0.07491
ECB_02336,0.06925,0.1012
ECB_02337,0.05315,0.08217
ECB_02339,0.08784,0.09948
ECB_02340,0.04959,0.06384
ECB_02342,0.03254,0.06081
ECB_02343,0.04118,0.08014
ECB_02345,0.0215,0.06631
ECB_02346,0.02111,0.05948
ECB_02347,0,0.0129
ECB_02349,0.0325,0.06531
ECB_02350,0.01789,0.04925
ECB_02351,0.05375,0.1293
ECB_02352,0.02497,0.02498
ECB_02354,0.04455,0.06764
ECB_02355,0.0342,0.03152
ECB_02356,0.0412,NA
ECB_02357,0.0285,0.05486
ECB_02358,0.02468,0.04417
ECB_02359,0.02485,0.04773
ECB_02360,0.02915,0.03983
ECB_02361,0.02051,0.03354
ECB_02362,0.04601,0.02985
ECB_02363,0.02902,0.053
ECB_02366,0.04085,0.06059
ECB_02367,NA,0.06518
ECB_02368,0.02641,0.0291
ECB_02370,0,0.007082
ECB_02372,0.01487,0.004045
ECB_02374,NA,NA
ECB_02376,NA,NA
ECB_02377,0.006766,NA
ECB_02378,0.008204,NA
ECB_02379,NA,NA
ECB_02380,0.009376,NA
ECB_02381,0.02228,NA
ECB_02384,NA,NA
ECB_02385,NA,0.08055
ECB_02386,0.03232,0.06062
ECB_02387,0.02055,0.03482
ECB_02389,0.02586,0.03057
ECB_02391,0.0291,0.03872
ECB_02392,0.0213,0.02188
ECB_02393,0.03291,0.04651
ECB_02394,0.03288,0.03745
ECB_02395,0.03732,NA
ECB_02396,NA,NA
ECB_02397,NA,0.04465
ECB_02398,0.03549,0.05211
ECB_02399,0.0624,0.05989
ECB_02400,NA,0.1001
ECB_02401,NA,0.2199
ECB_02404,0.02076,0.0154
ECB_02405,0.03386,0.007921
ECB_02406,0.01417,0.0263
ECB_02407,0.03268,0.03976
ECB_02408,0.02553,0.05141
ECB_02409,0.04178,0.06353
ECB_02410,NA,0.03546
ECB_02411,NA,0.06523
ECB_02412,NA,0.06715
ECB_02416,NA,0.06524
ECB_02417,0.04495,0.04503
ECB_02418,0.03205,0.05497
ECB_02419,0.00999,0.02327
ECB_02420,0.02917,0.02808
ECB_02421,0.02852,0.01823
ECB_02423,0.02646,0.01017
ECB_02424,0.04137,0.0603
ECB_02425,NA,0.03111
ECB_02428,0.02999,0.04991
ECB_02429,NA,NA
ECB_02430,NA,NA
ECB_02431,NA,NA
ECB_02432,NA,NA
ECB_02433,NA,NA
ECB_02434,NA,NA
ECB_02436,NA,0.08848
ECB_02438,0.034,0.08885
ECB_02439,0.02425,0.06321
ECB_02440,0.06146,NA
ECB_02443,NA,0.0394
ECB_02444,0.01644,0.02389
ECB_02445,0.03642,NA
ECB_02446,0.03842,0.06308
ECB_02447,0.01533,0.03127
ECB_02456,NA,0.06027
ECB_02457,NA,0.1111
ECB_02458,0.04467,0.0733
ECB_02459,0.05739,0.05158
ECB_02460,0.02611,0.06749
ECB_02461,0.03933,0.0305
ECB_02462,0.03637,0.03145
ECB_02463,0.03144,0.03443
ECB_02464,0.05642,0.06219
ECB_02465,0.03915,0.03095
ECB_02466,0.00959,0.01672
ECB_02467,NA,0.001565
ECB_02468,NA,NA
ECB_02470,0.0496,0.0601
ECB_02472,0.03938,NA
ECB_02473,NA,0.01606
ECB_02474,NA,0.07603
ECB_02475,NA,0.05648
ECB_02476,0.04082,0.038
ECB_02478,0.04491,NA
ECB_02481,0.03812,0.05757
ECB_02482,0.02942,0.03183
ECB_02483,0.04834,0.05518
ECB_02484,0.06199,0.05151
ECB_02485,0.01328,0.0164
ECB_02486,NA,0.001907
ECB_02488,0.02682,0.0499
ECB_02489,0.02655,0.04718
ECB_02490,0.03973,0.04214
ECB_02492,0.04785,0.01825
ECB_02493,NA,0.05018
ECB_02494,0.0264,0.02814
ECB_02495,NA,2.507e-21
ECB_02496,0.02012,0.007061
ECB_02498,NA,2.291e-19
ECB_02499,NA,0.06331
ECB_02502,0.04904,0.0629
ECB_02503,0.03916,0.05087
ECB_02507,0.04858,0.05714
ECB_02508,0.05205,0.0609
ECB_02509,NA,NA
ECB_02803,NA,NA
ECB_02517,0.04712,0.1023
ECB_02518,0.0752,0.1132
ECB_02519,NA,0.08641
ECB_02521,0.0267,0.0333
ECB_02522,NA,0.01759
ECB_02523,0.03398,0.02713
ECB_02524,0.03175,0.03151
ECB_02525,0.0356,0.03478
ECB_02526,0.003936,0.008009
ECB_02527,0.03216,0.03338
ECB_02529,0.04979,0.03729
ECB_02530,0.01291,0.0356
ECB_02531,0.04588,0.06398
ECB_02532,0.05014,0.05557
ECB_02533,0.0425,0.04137
ECB_02534,0.03037,0.05152
ECB_02535,0.03923,0.06569
ECB_02537,0.006678,0.01097
ECB_02538,0,0.02
ECB_02539,NA,0.01228
ECB_02540,0.01656,0.03745
ECB_02541,0.03175,0.05439
ECB_02542,0.001224,0.01268
ECB_02543,0.05009,0.05467
ECB_02544,NA,0.01126
ECB_02545,0.03225,0.03423
ECB_02546,NA,6e-29
ECB_02547,0.02358,0.02524
ECB_02548,0.02386,0.0129
ECB_02549,0.02304,0.02298
ECB_02550,0.03437,0.0458
ECB_02551,0.0163,0.04192
ECB_02554,0.01388,0.02326
ECB_02555,0.02924,0.062
ECB_02556,0.03089,0.03524
ECB_02557,NA,0.08082
ECB_02560,0.01677,NA
ECB_02561,0.02671,0.06018
ECB_02562,NA,0.0946
ECB_02563,0.04767,0.05719
ECB_02564,0.02223,0.05524
ECB_02566,0.1017,0.1695
ECB_02567,0.1205,0.1584
ECB_02568,0.03346,0.04596
ECB_02569,0.06399,0.08642
ECB_02570,0.0366,0.07707
ECB_02571,0.05676,NA
ECB_02572,0.02651,0.06477
ECB_02573,NA,0.06728
ECB_02574,0.0312,0.05303
ECB_02575,0.008443,0.01959
ECB_02576,NA,0.0005445
ECB_02577,0.02023,0.03883
ECB_02578,0.01591,0.04368
ECB_02579,0.04546,0.07628
ECB_02581,0.02541,0.04985
ECB_02582,0.01129,0.03065
ECB_02583,0.08465,0.1282
ECB_02584,NA,0.2278
ECB_02586,NA,NA
ECB_02587,NA,NA
ECB_02588,NA,NA
ECB_02589,NA,NA
ECB_02590,NA,NA
ECB_02591,NA,0.037
ECB_02592,0.03307,0.02924
ECB_02593,0.01216,NA
ECB_02594,0.07909,0.01467
ECB_02595,0.03629,0.03261
ECB_02596,0.02672,0.03477
ECB_02597,0.04788,0.05998
ECB_02598,0.01756,0.01195
ECB_02599,0.07291,0.1027
ECB_02600,0.03367,0.04154
ECB_02601,0.0637,0.06934
ECB_02602,0.04881,0.06888
ECB_02603,NA,0.1072
ECB_02607,0.0556,0.1009
ECB_02608,0.06267,0.08839
ECB_02609,0.05953,0.09746
ECB_02610,0.05878,0.06384
ECB_02613,0.06166,0.06958
ECB_02619,0.03472,0.08197
ECB_02620,0.08436,0.1306
ECB_02622,0.06383,0.08673
ECB_02624,NA,0.01774
ECB_02625,0.02101,0.02086
ECB_02626,0.03209,0.04464
ECB_02627,0.02745,NA
ECB_02628,0.02298,NA
ECB_02629,0.0386,0.0494
ECB_02630,0.03516,NA
ECB_02631,0.02902,0.03269
ECB_02632,0.04254,0.0773
ECB_02633,0.0458,0.0909
ECB_02634,0.01921,0.04231
ECB_02635,0.01896,0.04518
ECB_02636,0.03364,0.04559
ECB_02637,0.03838,0.02662
ECB_02638,0.02637,0.02058
ECB_02639,0.02992,0.0366
ECB_02640,0.02259,0.03507
ECB_02641,NA,0.02165
ECB_02642,0.04448,NA
ECB_02644,0.02646,0.02579
ECB_02653,NA,0.03651
ECB_02654,NA,0.03771
ECB_02655,0.01355,0.01711
ECB_02656,0.01538,0.02906
ECB_02657,0.03002,0.04639
ECB_02658,0.01224,0.03029
ECB_02659,0.02513,0.01803
ECB_02661,0.04018,0.07272
ECB_02662,0.02665,0.06032
ECB_02663,0.0557,0.08975
ECB_02664,0.04353,0.06361
ECB_02666,0.03679,0.04901
ECB_02667,0.05359,0.06882
ECB_02668,0.0363,0.06205
ECB_02669,0.03945,0.06058
ECB_02670,0.02612,0.05418
ECB_02671,0.005649,0.02771
ECB_02673,0.01991,NA
ECB_02674,0.005009,0.01616
ECB_02675,0.01875,0.03974
ECB_02676,0.01995,0.03502
ECB_02677,0.02514,0.02732
ECB_02678,0.03363,0.004078
ECB_02679,0.04933,0.05731
ECB_02680,0.02238,0.03872
ECB_02681,NA,0.004401
ECB_02682,0.05224,0.03385
ECB_02683,0.01681,0.03282
ECB_02684,0.04476,0.03736
ECB_02685,0.02904,0.02207
ECB_02686,0.02681,0.03138
ECB_02687,0.02475,0.02632
ECB_02688,0.03136,NA
ECB_02689,0.02271,0.04137
ECB_02690,0.02283,NA
ECB_02691,0.02133,0.04215
ECB_02693,0.02579,0.02811
ECB_02699,NA,0.05552
ECB_02700,0.0415,0.06574
ECB_02701,0.07259,0.06863
ECB_02702,0.03199,0.03245
ECB_02704,0.01915,0.03995
ECB_02705,0.06834,0.07675
ECB_02707,0.04825,0.04956
ECB_02708,0.02261,0.02661
ECB_02710,0.05875,0.06016
ECB_02711,0.04517,0.06374
ECB_02713,0.02975,0.03686
ECB_02714,NA,0.05872
ECB_02716,NA,0.03703
ECB_02721,0.04887,0.09604
ECB_02722,0.03592,NA
ECB_02723,NA,NA
ECB_02724,0.08235,0.1027
ECB_02725,0.07278,0.03709
ECB_02726,0.05302,0.04301
ECB_02727,0.0326,0.0187
ECB_02728,0.02923,0.0352
ECB_02729,0.03317,NA
ECB_02730,0.05013,0.06396
ECB_02731,0.01538,0.05539
ECB_02732,0.1095,0.04321
ECB_02733,0.05605,0.09243
ECB_02734,NA,NA
ECB_02735,0.05586,0.08039
ECB_02736,0.04795,0.04493
ECB_02737,0.02284,0.04459
ECB_02738,0.05389,0.06448
ECB_02739,0.04289,0.06873
ECB_02740,0.06658,0.08846
ECB_02742,NA,0.0002613
ECB_02744,0.02765,0.03194
ECB_02745,0.01306,0.02448
ECB_02747,0.03749,0.04245
ECB_02748,0.01872,NA
ECB_02749,0.03371,NA
ECB_02751,NA,NA
ECB_02753,0.04022,0.01636
ECB_02754,0.05384,0.06458
ECB_02755,0.01345,0.01743
ECB_02756,NA,0.04417
ECB_02757,NA,0.01598
ECB_02758,0.02883,0.01305
ECB_02759,NA,0.1816
ECB_02760,0.03296,0.03254
ECB_02761,NA,NA
ECB_02763,0.03343,NA
ECB_02764,0.05522,NA
ECB_02767,0.06205,0.079
ECB_02768,0.04611,0.07323
ECB_02770,NA,NA
ECB_02772,NA,0.03946
ECB_02773,0.02616,0.03556
ECB_02774,0.0695,0.08669
ECB_02775,0.0611,0.04379
ECB_02777,0.02848,0.05432
ECB_02779,0.07134,0.08821
ECB_02781,0.02667,0.01371
ECB_02782,0.02139,0.05262
ECB_02784,0.04425,0.05538
ECB_02785,0.08237,0.1414
ECB_02786,0.03072,0.03738
ECB_02787,NA,NA
ECB_02788,0.0215,0.02952
ECB_02790,0.0217,0.02535
ECB_02791,0.01363,0.05209
ECB_02792,NA,NA
ECB_02796,0.03471,NA
ECB_02829,NA,NA
ECB_02840,NA,NA
ECB_02843,0.04447,NA
ECB_02844,0.03369,NA
ECB_02845,0.01338,NA
ECB_02848,NA,NA
ECB_02849,NA,NA
ECB_02860,0.03434,NA
ECB_02861,0.03293,NA
ECB_02862,0.07176,NA
ECB_02863,0.06876,NA
ECB_02864,0.06188,0.05188
ECB_02866,0.02091,0.03546
ECB_02867,0.004393,0.02103
ECB_02868,0.03694,0.03204
ECB_02869,0.01615,0.03153
ECB_02870,0.04561,0.07057
ECB_02871,0.0124,0.04191
ECB_02872,0.01902,0.0402
ECB_02874,0.03881,0.002662
ECB_02876,NA,0.0288
ECB_02877,0.01927,0.01218
ECB_02878,0.02843,0.02967
ECB_02879,0.01187,0.01509
ECB_02880,0.03016,0.01801
ECB_02881,0.04988,0.06374
ECB_02882,0.0158,0.01867
ECB_02884,0.02945,0.02845
ECB_02887,0.02344,0.0189
ECB_02889,0.01547,0.02838
ECB_02890,0.04172,0.04521
ECB_02891,0.02703,0.03081
ECB_02892,NA,NA
ECB_02893,NA,NA
ECB_02894,NA,NA
ECB_02896,0.03206,0.02367
ECB_02897,0.04136,0.01745
ECB_02898,0.03763,NA
ECB_02899,NA,NA
ECB_02900,0.02586,0.02501
ECB_02901,NA,0.09783
ECB_02902,NA,0.07628
ECB_02903,0.003265,0.01524
ECB_02904,0.008958,0.02628
ECB_02905,NA,0.001221
ECB_02906,0.01918,0.0227
ECB_02910,0.04888,0.05553
ECB_02912,0.06342,0.03276
ECB_02913,0.03011,0.0486
ECB_02915,NA,NA
ECB_02918,NA,NA
ECB_02919,NA,0.05597
ECB_02920,0.06125,0.03376
ECB_02921,NA,NA
ECB_02922,0.04757,0.08194
ECB_02923,0.04003,0.075
ECB_02924,0.04095,0.05877
ECB_02925,0.01253,0.03433
ECB_02926,0.04505,0.05025
ECB_02927,0.0509,0.064
ECB_02929,0.05313,0.04068
ECB_02930,NA,NA
ECB_02931,0.05182,0.08783
ECB_02932,0.03608,0.05268
ECB_02933,0.03631,0.07096
ECB_02934,0.04511,0.07499
ECB_02935,NA,6.616e-11
ECB_02936,0.02157,0.01612
ECB_02937,NA,0.008481
ECB_02938,0.04128,0.05445
ECB_02939,0.01484,0.04052
ECB_02940,0.02994,0.03485
ECB_02941,0.0156,0.03529
ECB_02943,0.03051,0.03467
ECB_02944,0.06144,0.08752
ECB_02946,0.03006,0.02721
ECB_02948,NA,0.06635
ECB_02949,0.05077,NA
ECB_02950,0.07901,0.1304
ECB_02951,NA,NA
ECB_02952,NA,NA
ECB_02955,0.1134,NA
ECB_02958,0.01965,0.04499
ECB_02959,0.03936,0.04667
ECB_02960,0.02437,0.05856
ECB_02961,NA,0.04773
ECB_02962,NA,0.05942
ECB_02964,0.01014,0.02288
ECB_02965,0.02341,0.03877
ECB_02967,0.02536,0.02249
ECB_02968,0.02768,0.04504
ECB_02969,0.02353,0.02529
ECB_02971,NA,0.06608
ECB_02972,0.0001117,0.03154
ECB_02973,NA,NA
ECB_02974,NA,0.03313
ECB_02975,0.02467,0.02126
ECB_02983,0.02256,0.03519
ECB_02984,0.03875,0.04036
ECB_02985,0.02877,0.02452
ECB_02988,NA,NA
ECB_02991,0.03303,0.0508
ECB_02992,0.02899,0.04441
ECB_02993,0.02312,0.05091
ECB_02994,NA,NA
ECB_02995,NA,NA
ECB_02996,0.03264,0.05801
ECB_02997,0.03023,0.04113
ECB_03003,0.01786,0.05647
ECB_03004,0.02453,0.03812
ECB_03005,0.02183,0.01948
ECB_03006,0.009917,NA
ECB_03007,0.0263,0.04452
ECB_03008,NA,NA
ECB_03009,NA,NA
ECB_03010,NA,NA
ECB_03011,NA,NA
ECB_03012,NA,NA
ECB_03013,0.0261,0.05035
ECB_03014,0.02747,0.04295
ECB_03015,0.01924,NA
ECB_03016,0.02975,0.03186
ECB_03017,0.02393,0.0457
ECB_03018,NA,0.06407
ECB_03021,0.01987,0.06201
ECB_03022,0.02495,0.04064
ECB_03023,0.03255,0.03812
ECB_03024,0.007048,0.01688
ECB_03025,0.01784,0.04525
ECB_03027,0.07785,0.1243
ECB_03028,0.06936,0.1177
ECB_03030,NA,0.00024
ECB_03032,NA,0.0008953
ECB_03033,0.05436,0.07878
ECB_03034,0.03189,0.02224
ECB_03035,NA,0.03145
ECB_03036,0.02483,0.02077
ECB_03038,0.03316,0.05936
ECB_03040,0.0303,0.03268
ECB_03041,0.05391,0.06197
ECB_03043,0.03972,0.02819
ECB_03044,0.03557,0.008367
ECB_03045,NA,2.467e-14
ECB_03047,0.03882,0.04853
ECB_03048,0.04861,0.05678
ECB_03049,0.01573,0.01902
ECB_03050,NA,0.003877
ECB_03051,NA,2.02e-15
ECB_03052,0.02514,0.02317
ECB_03053,0.03318,0.02994
ECB_03054,0.03693,0.0261
ECB_03057,0.01699,NA
ECB_03058,0.02891,0.02952
ECB_03059,0.001677,0.01139
ECB_03060,0.01794,0.01745
ECB_03061,0.01852,NA
ECB_03062,0.02834,0.0157
ECB_03063,0.01969,0.01922
ECB_03064,0.006224,0.009392
ECB_03065,0.04488,0.02515
ECB_03066,0.02071,0.01474
ECB_03067,0.03089,0.02887
ECB_03068,NA,1.64e-19
ECB_03069,0.03132,0.0124
ECB_03070,0.008309,0.01621
ECB_03071,0.04287,0.01712
ECB_03072,0.03414,0.03536
ECB_03073,0.04547,0.04933
ECB_03076,0.07576,0.04083
ECB_03077,0.04346,NA
ECB_03078,0.06023,0.08237
ECB_03079,NA,NA
ECB_03081,0.095,0.1108
ECB_03083,0.03041,0.03913
ECB_03085,0.06619,0.09074
ECB_03087,NA,NA
ECB_03088,0.01915,0.01969
ECB_03089,0.01935,0.01042
ECB_03090,NA,0.001347
ECB_03091,NA,1.118e-10
ECB_03092,0.05769,0.04947
ECB_03094,NA,0.03171
ECB_03095,NA,0.0846
ECB_03096,0.04351,0.03972
ECB_03097,0.02561,0.01541
ECB_03099,NA,0.01327
ECB_03100,0.02653,0.03894
ECB_03101,0.01693,0.03619
ECB_03103,0.03469,0.05636
ECB_03104,0.03007,0.04294
ECB_03107,0.01775,0.01691
ECB_03108,0.01449,0.01997
ECB_03109,0.02766,0.01789
ECB_03111,0.03838,0.02837
ECB_03112,0.02308,0.02939
ECB_03113,0.03349,0.006506
ECB_03114,0.04045,0.02224
ECB_03115,0.01527,0.01548
ECB_03117,0.05367,0.05408
ECB_03118,0.02447,0.005066
ECB_03119,NA,0.002026
ECB_03121,NA,0.006617
ECB_03122,0.02602,0.04122
ECB_03123,0.01995,0.03098
ECB_03124,NA,NA
ECB_03125,0.04366,0.05157
ECB_03129,0.06843,0.09768
ECB_03131,NA,0.1489
ECB_03132,0.04542,0.05192
ECB_03133,0.02061,0.02205
ECB_03135,NA,0.05118
ECB_03137,0.03725,0.02152
ECB_03138,0.04104,0.05719
ECB_03139,0.05162,0.07175
ECB_03140,0.02072,0.02496
ECB_03141,0.03086,0.04783
ECB_03143,0.04607,0.06138
ECB_03144,0.04668,0.105
ECB_03145,NA,0.001666
ECB_03146,NA,0.0001979
ECB_03147,NA,3.538e-13
ECB_03148,NA,0.001328
ECB_03149,NA,5.011e-13
ECB_03150,NA,NA
ECB_03151,0.005177,0.006847
ECB_03152,NA,0.00268
ECB_03153,NA,1.069e-09
ECB_03154,0.02173,0.0122
ECB_03155,NA,9.686e-11
ECB_03156,NA,0.0021
ECB_03157,NA,0.0002343
ECB_03158,NA,4.065e-09
ECB_03159,NA,9.657e-05
ECB_03160,NA,0.0006122
ECB_03161,NA,0.0001353
ECB_03162,NA,6.222e-31
ECB_03163,NA,1.223e-14
ECB_03164,NA,0.001047
ECB_03165,NA,0.0004617
ECB_03166,NA,4.597e-35
ECB_03167,NA,0.002982
ECB_03168,NA,0.002429
ECB_03169,NA,0.0004577
ECB_03170,NA,0.000447
ECB_03171,NA,0.001662
ECB_03172,NA,0.0003323
ECB_03173,NA,NA
ECB_03174,NA,NA
ECB_03175,NA,NA
ECB_03177,NA,NA
ECB_03178,NA,NA
ECB_03179,NA,NA
ECB_03180,NA,NA
ECB_03182,NA,NA
ECB_03183,NA,NA
ECB_03186,NA,NA
ECB_03187,NA,0.2746
ECB_03188,NA,NA
ECB_03189,NA,NA
ECB_03190,NA,NA
ECB_03191,NA,0.007513
ECB_03192,NA,0.000119
ECB_03193,NA,0.0015
ECB_03194,0.04511,0.03063
ECB_03195,0.05738,0.06252
ECB_03196,NA,0.07984
ECB_03198,0.02872,0.02069
ECB_03199,NA,NA
ECB_03200,NA,0.03182
ECB_03201,0.04441,NA
ECB_03202,0.0199,NA
ECB_03203,0.03469,0.05133
ECB_03204,0.04988,0.07151
ECB_03205,NA,0.0007764
ECB_03206,0.02144,0.02936
ECB_03207,0.05633,0.02402
ECB_03208,0.02153,0.01057
ECB_03210,0.04786,0.06421
ECB_03211,0.03644,0.04898
ECB_03212,0.05902,0.07548
ECB_03213,NA,NA
ECB_03214,0.03032,0.01274
ECB_03215,0.02403,0.04945
ECB_03216,0.03742,0.04624
ECB_03217,0.02027,0.06006
ECB_03219,0.04834,0.07594
ECB_03220,NA,0.02409
ECB_03224,NA,NA
ECB_03229,0.04708,NA
ECB_03231,0.02612,NA
ECB_03232,0.05724,NA
ECB_03233,0.04939,NA
ECB_03236,0.02654,0.04852
ECB_03237,0.0436,0.06015
ECB_03238,0.03951,0.0528
ECB_03239,0.01597,0.01545
ECB_03240,0.03231,NA
ECB_03241,0.01484,0.01647
ECB_03243,0.02523,0.03557
ECB_03245,NA,NA
ECB_03246,0.02468,0.05788
ECB_03249,0.04164,0.0501
ECB_03250,0.02495,0.03884
ECB_03252,NA,0.004037
ECB_03254,0.03673,0.06123
ECB_03255,0.04459,0.05734
ECB_03256,0.04777,0.07034
ECB_03257,0.02421,0.04701
ECB_03260,NA,0.0004831
ECB_03261,0.02637,0.05314
ECB_03262,NA,0.1114
ECB_03263,NA,0.09647
ECB_03264,0.03887,0.06677
ECB_03266,0.07163,0.1004
ECB_03268,0.04702,0.06238
ECB_03270,NA,0.05748
ECB_03272,0.05246,0.0911
ECB_03273,NA,0.1639
ECB_03274,0.05785,0.09792
ECB_03276,NA,0.08143
ECB_03277,NA,0.1181
ECB_03280,0.0321,0.04666
ECB_03281,0.02603,0.01787
ECB_03282,0.01685,0.01534
ECB_03283,0.02519,0.03222
ECB_03284,0.027,0.0393
ECB_03285,0.01651,0.01832
ECB_03286,0.01588,0.04243
ECB_03290,0.04383,0.07125
ECB_03291,0.03948,0.06931
ECB_03292,NA,0.1227
ECB_03293,NA,NA
ECB_04208,NA,NA
ECB_04209,NA,NA
ECB_03295,NA,NA
ECB_03296,0.09435,0.1332
ECB_03297,0.02609,0.05549
ECB_03298,0.04009,0.09812
ECB_03300,0.03775,0.1115
ECB_03301,0.0254,0.06669
ECB_03302,0.05438,0.09293
ECB_03304,0.07454,0.1144
ECB_03305,0.06494,0.1226
ECB_03306,0.05904,0.127
ECB_03307,0.04984,NA
ECB_03308,0.05119,0.09266
ECB_03310,0.03352,0.05193
ECB_03311,0.07175,0.09723
ECB_03312,0.01609,0.03553
ECB_03313,0.04266,0.05108
ECB_03314,0.0258,0.0455
ECB_03315,0.02602,NA
ECB_03316,0.009991,0.04371
ECB_03317,0.0198,0.05241
ECB_03318,0.05654,0.1084
ECB_03319,NA,0.1264
ECB_03320,0.05328,0.08732
ECB_03324,0.01578,0.03048
ECB_03325,0.03949,0.07504
ECB_03326,0.04712,0.1187
ECB_03327,0.03053,0.09423
ECB_03328,0.05232,0.1109
ECB_03329,0.04487,0.09857
ECB_03330,NA,0.1198
ECB_03334,NA,NA
ECB_03337,NA,0.09694
ECB_03338,NA,NA
ECB_03341,0.02553,0.04634
ECB_03342,0.01441,NA
ECB_03343,NA,0.004894
ECB_03344,0.03398,0.03542
ECB_03345,NA,0.05543
ECB_03346,0.07016,0.1297
ECB_03347,0.07513,0.1171
ECB_03348,0.03047,0.05508
ECB_03349,0.04151,0.07477
ECB_03350,NA,NA
ECB_03352,0.05485,0.09649
ECB_03355,0.04341,0.03624
ECB_03356,0.03281,0.03207
ECB_03358,0.02929,0.00792
ECB_03359,0.01911,0.04337
ECB_03360,0.02352,0.01767
ECB_03361,0.01722,0.03079
ECB_03362,0.02265,NA
ECB_03363,0.04339,0.06302
ECB_03364,0.05528,0.06577
ECB_03365,0.03844,NA
ECB_03366,0.04758,NA
ECB_03367,0.01626,0.03324
ECB_03368,0.03161,0.02669
ECB_03370,0.01995,0.04511
ECB_03371,0.05357,0.038
ECB_03375,0.02255,0.04672
ECB_03376,0.01445,0.01414
ECB_03379,0.03027,NA
ECB_03380,NA,NA
ECB_03383,NA,NA
ECB_03384,0.0236,NA
ECB_03386,NA,NA
ECB_03390,0.03581,0.03226
ECB_03391,NA,0.1082
ECB_03392,0.05001,0.08241
ECB_03393,0.0428,0.07684
ECB_03394,NA,0.08421
ECB_03395,0.05008,0.05845
ECB_03397,0.07575,0.135
ECB_03399,0.01708,NA
ECB_03400,0.05466,0.06916
ECB_03405,NA,0.002321
ECB_03406,NA,NA
ECB_03632,NA,NA
ECB_03633,NA,NA
ECB_03410,NA,0.08472
ECB_03411,0,0.01906
ECB_03413,0.0349,0.06437
ECB_03416,0.04376,0.06645
ECB_03417,0.03236,0.03705
ECB_03418,0.04379,0.0439
ECB_03420,0.03724,0.05315
ECB_03421,0.06169,0.04035
ECB_03423,0.03079,0.0448
ECB_03425,0.03347,0.02941
ECB_03426,0.01103,NA
ECB_03427,0.05087,NA
ECB_03428,NA,NA
ECB_03429,NA,NA
ECB_03431,NA,NA
ECB_03432,NA,NA
ECB_03433,NA,NA
ECB_03435,NA,NA
ECB_03439,NA,NA
ECB_03440,NA,NA
ECB_03441,NA,NA
ECB_03442,NA,NA
ECB_03445,0.04761,0.07513
ECB_03446,0.02396,0.03543
ECB_03447,0.02042,0.03105
ECB_03449,NA,NA
ECB_03451,NA,NA
ECB_03452,0.02813,NA
ECB_03453,0.02332,NA
ECB_03454,0.03884,0.05185
ECB_03455,0.06317,0.09763
ECB_03456,0.02013,0.02827
ECB_03458,NA,0.1882
ECB_03461,0.05985,0.09868
ECB_03462,0.05003,0.07556
ECB_03463,0.07258,0.1026
ECB_03464,0.0378,0.04183
ECB_03465,NA,0.09444
ECB_03466,0.04064,0.05725
ECB_03467,0.02671,0.02476
ECB_03468,0.01074,0.03593
ECB_03469,0.01629,0.02217
ECB_03470,0.05222,0.05064
ECB_03473,NA,0.05599
ECB_03474,NA,0.1119
ECB_03475,0.04024,0.06431
ECB_03476,0.05997,0.0952
ECB_03477,0.04998,0.05883
ECB_03478,0.04671,0.07285
ECB_03479,NA,NA
ECB_03482,NA,NA
ECB_03486,NA,NA
ECB_03487,NA,0.295
ECB_03488,NA,0.2448
ECB_03489,NA,0.255
ECB_03490,0.06155,0.03807
ECB_03491,0.038,0.01815
ECB_03492,0.07112,0.038
ECB_03493,NA,0.001058
ECB_03494,NA,0.000752
ECB_03497,NA,0.005211
ECB_03499,NA,0.06375
ECB_03501,0.06811,0.0575
ECB_03505,0.001961,0.003728
ECB_03506,NA,0.002042
ECB_03507,0.03383,0.04675
ECB_03508,0.05282,0.04171
ECB_03509,NA,0.098
ECB_03511,0.04187,0.05911
ECB_03512,0.01447,0.03298
ECB_03513,0.01437,0.04252
ECB_03514,NA,NA
ECB_03542,NA,NA
ECB_03543,0.0746,0.09025
ECB_03544,NA,0.08264
ECB_03549,0.04027,NA
ECB_03550,0.01644,0.0481
ECB_03553,0.057,0.1017
ECB_03554,0.05077,0.07597
ECB_03555,0.04839,0.09488
ECB_03556,NA,NA
ECB_03558,0.02249,0.04519
ECB_03559,0,0.01363
ECB_03560,0.03022,0.03582
ECB_03561,NA,NA
ECB_03562,NA,NA
ECB_03563,0.009012,NA
ECB_03570,0.01566,0.01414
ECB_03577,0.06013,NA
ECB_03580,0.04335,0.05001
ECB_03583,0.02626,0.03939
ECB_03584,0.03519,0.06548
ECB_03585,0,0.02826
ECB_03586,NA,NA
ECB_03587,NA,0.0002133
ECB_03589,0.003367,0.01662
ECB_03590,0.05612,0.1104
ECB_03591,NA,NA
ECB_03593,0.03914,NA
ECB_03594,0.05033,0.07335
ECB_03595,NA,0.07811
ECB_03597,0.02702,0.02384
ECB_03598,NA,NA
ECB_03599,NA,0.2524
ECB_03600,NA,NA
ECB_03601,NA,NA
ECB_03604,NA,NA
ECB_03605,NA,NA
ECB_03606,NA,NA
ECB_03607,NA,NA
ECB_03608,NA,0.05917
ECB_03609,0.01244,0.02851
ECB_03610,0.02777,0.07119
ECB_03611,0.0305,0.06127
ECB_03612,0.07263,0.08835
ECB_03613,0.05599,0.06454
ECB_03614,0.03272,0.05178
ECB_03615,NA,0.0004868
ECB_03616,NA,0.00691
ECB_03617,NA,0.001012
ECB_03618,NA,0.01518
ECB_03619,0.02504,0.0132
ECB_03620,0.02175,0.008332
ECB_03621,NA,1.303e-36
ECB_03622,0.01298,0.01072
ECB_03625,0.02538,0.03961
ECB_03626,0.04109,0.04492
ECB_03627,0.05394,0.08094
ECB_03628,0.03014,0.06804
ECB_03635,0.02363,0.03677
ECB_03636,NA,NA
ECB_03637,NA,0.02636
ECB_03638,0.03523,0.02136
ECB_03639,0.02965,0.03582
ECB_03640,0.02695,0.02908
ECB_03643,0.0237,0.01392
ECB_03645,NA,NA
ECB_03647,NA,NA
ECB_03650,NA,0.1476
ECB_03651,NA,0.1761
ECB_03652,0.07121,0.112
ECB_03653,0.06053,0.1134
ECB_03658,0.02822,0.029
ECB_03661,0.03967,0.02563
ECB_03662,0.03966,0.04448
ECB_03667,0.02746,NA
ECB_03669,0.006976,0.04179
ECB_03670,0.02146,0.0473
ECB_03672,0.01844,0.05366
ECB_03673,0.01255,0.03552
ECB_03676,NA,NA
ECB_03677,0.04215,0.08266
ECB_03678,0.02796,0.0386
ECB_03679,0.02341,0.02154
ECB_03681,0.05936,0.09625
ECB_03682,NA,0.1409
ECB_03686,0.06211,0.07706
ECB_03687,0.05912,0.09389
ECB_03688,0.04645,0.05905
ECB_03689,NA,0.09874
ECB_03692,0.0389,0.0739
ECB_03696,NA,NA
ECB_03700,NA,0.09218
ECB_03706,0.008259,0.04725
ECB_03707,0.06432,NA
ECB_03708,NA,0.08736
ECB_03718,0.04316,0.0345
ECB_03725,0.0383,0.05327
ECB_03727,0.008387,0.0166
ECB_03728,0.03049,0.02297
ECB_03731,0.01066,0.03605
ECB_03733,NA,0.07799
ECB_03734,0.09203,0.1281
ECB_03735,0.05135,0.05762
ECB_03737,0.03714,0.06314
ECB_03738,0.04628,0.07042
ECB_03741,0.05841,0.04783
ECB_03743,0.04514,0.05423
ECB_03744,0.02971,0.02696
ECB_03745,0.02828,0.03195
ECB_03746,0.03943,0.03091
ECB_03748,0.0261,NA
ECB_03749,0.02574,0.02935
ECB_03751,0.02417,0.03756
ECB_03753,0.04821,0.0787
ECB_03754,0.02395,0.05097
ECB_03755,NA,0.04913
ECB_03757,NA,0.03513
ECB_03758,NA,NA
ECB_03759,NA,0.02107
ECB_03760,NA,NA
ECB_03763,NA,NA
ECB_03766,NA,NA
ECB_03767,NA,0.344
ECB_03771,0.03621,0.03313
ECB_03772,0.01954,0.02113
ECB_03776,0.01111,0.04184
ECB_03777,0,0.002182
ECB_03778,0,NA
ECB_03779,0.02699,NA
ECB_03780,0.0436,0.05862
ECB_03781,NA,NA
ECB_03782,NA,NA
ECB_03783,NA,NA
ECB_03785,NA,NA
ECB_03787,NA,0.1633
ECB_03788,0.07032,0.2019
ECB_03790,NA,0.05204
ECB_03791,0.02893,NA
ECB_03793,0.03727,NA
ECB_03797,0.0375,0.04144
ECB_03798,0.02445,0.02318
ECB_03800,0.009209,0.01301
ECB_03801,NA,0.02357
ECB_03802,0.02078,0.04067
ECB_03803,NA,0.07152
ECB_03804,NA,0.04244
ECB_03805,0.02906,0.01781
ECB_03806,0.02039,0.02682
ECB_03807,0.01849,0.01394
ECB_03808,0.01934,0.00549
ECB_03809,0.05572,0.08324
ECB_03810,0.03321,0.05155
ECB_03811,0.04018,0.04786
ECB_03812,0.02761,0.01597
ECB_03813,NA,0.006203
ECB_03814,0.02707,0.006012
ECB_03815,0.02389,0.04068
ECB_03816,0.02238,0.02399
ECB_03817,0.0233,0.02073
ECB_03818,0.01549,0.02446
ECB_03819,0.01145,0.02157
ECB_03820,NA,0.1263
ECB_03821,NA,0.0008626
ECB_03823,NA,0.1374
ECB_03824,0.007015,NA
ECB_03825,0.03725,0.04916
ECB_03826,0.0515,0.08404
ECB_03827,0.06188,0.09988
ECB_03828,0.03526,0.05809
ECB_03830,0.02458,0.07124
ECB_03832,0.08359,NA
ECB_03834,NA,NA
ECB_03835,0.0754,0.114
ECB_03836,0.02267,0.0554
ECB_03838,0.03528,0.06049
ECB_03839,0.02653,0.04977
ECB_03840,0.04945,NA
ECB_03841,0.02225,0.04911
ECB_03842,0.0486,0.07497
ECB_03843,0.02406,0.0458
ECB_03845,0.05539,0.08568
ECB_03846,0.03888,0.05021
ECB_03849,0.03614,0.04262
ECB_03850,0.04328,0.06743
ECB_03851,NA,NA
ECB_03853,0.05008,0.05117
ECB_03854,0.06123,0.08343
ECB_03855,0.02531,0.02606
ECB_03856,NA,NA
ECB_03857,NA,0.003145
ECB_03858,0.03398,0.01166
ECB_03859,NA,0.003217
ECB_03860,NA,0.01116
ECB_03861,NA,8.547e-05
ECB_03862,NA,0.0001965
ECB_03863,NA,0.02104
ECB_03864,NA,0.0156
ECB_03865,NA,NA
ECB_03866,0.05364,0.07615
ECB_03870,0.0545,0.05401
ECB_03871,0.04198,0.06336
ECB_03872,0.01516,0.01477
ECB_03874,0.02817,0.04907
ECB_03876,0.04361,0.04372
ECB_03877,NA,0.0005115
ECB_03878,0.01139,0.02839
ECB_03880,NA,0.1384
ECB_03881,NA,0.08145
ECB_03882,0.07756,0.1366
ECB_03883,0.04993,0.07762
ECB_03884,0.0354,NA
ECB_03885,0.03609,0.04245
ECB_03886,0.04358,0.05628
ECB_03887,0.05083,0.06526
ECB_03888,0.06543,0.1069
ECB_03891,0.05698,0.09788
ECB_03892,0.03603,0.07106
ECB_03893,0.02797,0.05118
ECB_03894,0.041,0.07859
ECB_03895,NA,0.08667
ECB_03896,0.02018,0.03395
ECB_03897,0.0225,0.04344
ECB_03898,NA,NA
ECB_03900,0.04733,0.07814
ECB_03901,0.03606,0.07048
ECB_03902,0.007218,0.02624
ECB_03903,NA,NA
ECB_03904,0.04305,NA
ECB_03905,NA,NA
ECB_03906,NA,0.04796
ECB_03907,0.01889,0.02866
ECB_03908,0.01751,0.0269
ECB_03909,0.02548,0.04054
ECB_03912,0.02377,0.04421
ECB_03914,0.03161,NA
ECB_03915,0.02737,0.02058
ECB_03917,NA,0.06624
ECB_03919,NA,NA
ECB_03920,NA,NA
ECB_03923,0.03544,0.04659
ECB_03924,0.04031,NA
ECB_03925,NA,0.1437
ECB_03926,0.02678,0.03963
ECB_03927,0.04521,NA
ECB_03928,0.01332,0.01335
ECB_03929,0.02045,0.05027
ECB_03930,0.05353,0.09383
ECB_03931,NA,NA
ECB_03934,0.02838,0.05199
ECB_03935,0.04946,0.04907
ECB_03936,0.02172,NA
ECB_03937,0.01834,0.04546
ECB_03938,NA,NA
ECB_03939,0.04357,0.09878
ECB_03940,0.02476,0.03791
ECB_03941,0.004119,0.07006
ECB_03942,0.02173,0.03098
ECB_03944,0.007366,0.03841
ECB_03945,0.005224,0.04791
ECB_03946,0.05085,0.06171
ECB_03947,0.03774,0.05865
ECB_03948,0.03566,0.05717
ECB_03949,0.01461,0.03332
ECB_03950,0.03135,0.04857
ECB_03951,NA,NA
ECB_03952,0.02583,0.05648
ECB_03954,0.06797,0.05395
ECB_03956,NA,NA
ECB_03957,NA,NA
ECB_03958,NA,NA
ECB_03959,NA,NA
ECB_03960,NA,NA
ECB_03962,NA,NA
ECB_03964,NA,0.1127
ECB_03965,NA,0.1016
ECB_03966,0.06142,0.1002
ECB_03967,0.05838,0.1237
ECB_03968,0.09186,0.154
ECB_03970,0.05192,0.09076
ECB_03971,0.06611,0.108
ECB_03972,NA,0.06954
ECB_03973,0.05183,0.1216
ECB_03974,0.02456,0.07676
ECB_03976,0.04224,0.1127
ECB_03977,0.05402,0.09013
ECB_03978,0.0378,0.04818
ECB_03979,NA,0.0004001
ECB_03980,0.02584,0.0242
ECB_03982,0.01181,0.02028
ECB_03983,0.03213,0.01476
ECB_03984,0.04212,0.02084
ECB_03986,0.01983,0.04773
ECB_03987,0.04472,0.02708
ECB_03989,0.01551,0.0265
ECB_03990,0.03796,0.04661
ECB_03991,NA,NA
ECB_03992,0.05328,0.09147
ECB_03993,0.02652,NA
ECB_03994,0.02294,0.02256
ECB_03995,0.01679,0.03948
ECB_03997,0.03423,0.03094
ECB_03998,0.02454,0.01953
ECB_03999,0.02536,NA
ECB_04000,0.02713,NA
ECB_04001,0.01964,NA
ECB_04002,0.02568,NA
ECB_04003,0.01359,NA
ECB_04004,0.02623,NA
ECB_04006,0.02132,0.03511
ECB_04007,0.009746,0.01109
ECB_04008,0.01517,0.009771
ECB_04011,0.04337,0.04603
ECB_04012,NA,0.001986
ECB_04013,NA,0.03342
ECB_04015,0.04271,0.02922
ECB_04016,0.03502,0.05098
ECB_04017,NA,0.02168
ECB_04021,0.03822,0.03557
ECB_04022,0.03571,0.03702
ECB_04023,0.02013,0.03359
ECB_04024,0.01636,0.01084
ECB_04025,0.0156,0.01204
ECB_04026,0.0257,0.02565
ECB_04029,0.04632,0.08011
ECB_04030,0.01793,0.03475
ECB_04033,0.03715,0.06063
ECB_04034,0.02177,0.04321
ECB_04035,0.02834,0.03056
ECB_04036,0.03977,0.05604
ECB_04037,0.03541,0.05619
ECB_04038,0.01214,0.005583
ECB_04039,NA,0.01156
ECB_04040,0.02063,0.02803
ECB_04041,0.0112,0.02344
ECB_04042,0.019,0.01993
ECB_04043,NA,0.0006527
ECB_04044,NA,0.02274
ECB_04045,0.01306,0.00749
ECB_04047,0.0543,0.07788
ECB_04048,0.02531,0.03377
ECB_04049,0.02891,0.03034
ECB_04050,0.05992,0.09388
ECB_04051,NA,0.09418
ECB_04052,0.05851,0.1062
ECB_04053,0.04617,0.07136
ECB_04057,0.01949,0.02537
ECB_04058,0.04486,0.03809
ECB_04061,NA,0.06154
ECB_04062,NA,NA
ECB_04063,NA,0.1252
ECB_04064,NA,0.09434
ECB_04065,NA,0.1673
ECB_04066,0.04331,0.08
ECB_04068,NA,NA
ECB_04069,NA,4.098e-19
ECB_04070,NA,0.00425
ECB_04080,NA,0.1077
ECB_04081,NA,0.08455
ECB_04083,NA,0.07453
ECB_04085,0.05527,0.07788
ECB_04086,0.03478,0.04709
ECB_04087,0.006783,0.03277
ECB_04089,0.01811,0.02834
ECB_04090,0.03547,0.03081
ECB_04091,0.01667,0.03569
ECB_04092,0.0327,0.05828
ECB_04095,NA,0.03741
ECB_04096,NA,0.1059
ECB_04100,0.02419,0.03606
ECB_04101,0.04781,0.05553
ECB_04102,0.02528,0.05892
ECB_04103,0.05597,0.07858
ECB_04105,0.02481,0.0293
ECB_04106,0.03702,0.05093
ECB_04107,0.02324,0.02015
ECB_04108,NA,NA
ECB_04109,0.0241,0.05538
ECB_04110,NA,0.05078
ECB_04112,NA,0.06006
ECB_04113,0.01544,0.02843
ECB_04114,NA,NA
ECB_04115,0.0346,NA
ECB_04116,0.02337,NA
ECB_04120,NA,NA
ECB_04121,0.05425,0.03738
ECB_04124,NA,0.07654
ECB_04125,0.009121,0.02317
ECB_04126,0.05285,0.05602
ECB_04127,0.007981,0.01375
ECB_04129,NA,0.08971
ECB_04130,NA,NA
ECB_04131,NA,NA
ECB_04132,NA,NA
ECB_04133,NA,NA
ECB_04134,NA,NA
ECB_01904,NA,NA
ECB_04139,NA,NA
ECB_04140,NA,NA
ECB_03536,NA,NA
ECB_04153,NA,NA
ECB_04154,NA,NA
ECB_04155,NA,NA
ECB_04157,NA,NA
ECB_04158,NA,NA
ECB_04159,NA,NA
ECB_04160,NA,NA
ECB_04165,NA,NA
ECB_04166,NA,NA
ECB_04167,NA,NA
ECB_04168,NA,NA
ECB_04169,NA,NA
ECB_04172,NA,NA
ECB_04173,NA,NA
ECB_04176,NA,0.03197
ECB_04182,0.02503,0.02932
ECB_04183,NA,0.1465
ECB_04186,NA,0.0287
ECB_04187,0.03579,0.03058
ECB_04188,0.02175,0.01915
ECB_04189,0.03213,0.0401
ECB_04190,NA,NA
ECB_04191,NA,0.03619
ECB_04192,0.04549,0.07624
ECB_04193,NA,0.06879
ECB_04196,0.05806,NA
ECB_04197,NA,0.04322
ECB_04198,0.02381,0.04739
ECB_04201,NA,0.1907
ECB_04205,NA,0.08886
ECB_04206,NA,NA
ECB_04211,NA,NA
ECB_04214,NA,NA
ECB_04215,NA,NA
ECB_04217,NA,NA
ECB_04219,NA,NA
ECB_04232,NA,0.03966
ECB_04233,NA,NA
ECB_04238,0.0223,0.03234
ECB_04239,0.04834,0.0403
ECB_04242,0.03649,0.02492
ECB_04244,NA,0.08617
ECB_04246,0.05971,0.09525
ECB_04247,0.01812,0.02414
ECB_04248,0.01871,0.02811
ECB_04249,0.03052,0.0686
ECB_04250,0.04736,0.06887
ECB_04251,0.03498,0.04563
ECB_04253,0.04084,0.04871
ECB_04255,0.05688,0.1151
ECB_04256,NA,NA
ECB_04257,NA,0.06925
ECB_04258,0.03785,NA
ECB_04259,0.05115,0.06314
ECB_04260,NA,0.05089
ECB_04262,0.05195,NA
ECB_04263,0.04283,NA
ECB_04264,0.0339,0.04967
ECB_04265,0.03995,0.08686
ECB_04267,0.03628,0.05697
ECB_04269,0.02895,0.03313
ECB_04271,0.03022,0.0383
ECB_04272,0.04779,0.05899
ECB_04273,0.01753,0.02851
ECB_04274,0.03172,0.0564
ECB_04275,0.02345,0.04348
ECB_04277,0.01964,0.01225
ECB_04278,NA,NA
ECB_04279,NA,NA
ECB_03867,0.03634,0.04677
ECB_00072,NA,NA
ECB_00188,NA,0.0001794
ECB_00269,0.03698,0.06884
ECB_00299,NA,NA
ECB_00330,0.04145,0.06938
ECB_00344,0.03443,0.05506
ECB_00405,0.02703,0.0694
ECB_00547,NA,NA
ECB_00712,0.02296,NA
ECB_01015,NA,0.0481
ECB_01056,NA,0.0003797
ECB_01076,0.05281,0.07459
ECB_01099,0.03582,0.03194
ECB_01154,0.03661,0.02072
ECB_01160,0.01424,0.02423
ECB_01192,NA,NA
ECB_01220,0.0321,0.03969
ECB_01376,NA,NA
ECB_01478,NA,0.05376
ECB_01582,0.0361,0.0488
ECB_01594,NA,NA
ECB_01611,0.04387,0.04127
ECB_01617,0.02946,0.04179
ECB_01631,0.02169,0.03454
ECB_01634,0.02822,0.03814
ECB_01686,NA,3.127e-37
ECB_01692,0.0441,0.04337
ECB_01701,NA,0.08149
ECB_01789,0.04587,0.03037
ECB_01802,NA,0.01277
ECB_02800,NA,NA
ECB_02092,0.07477,0.07106
ECB_02213,0.01424,0.004825
ECB_02225,0.03272,0.01403
ECB_02422,0.04384,0.03755
ECB_02449,0.05882,0.09481
ECB_02504,0.03453,0.04991
ECB_02528,0.06514,0.09368
ECB_02552,0.05604,NA
ECB_02553,0.04322,NA
ECB_02565,0.01815,0.04675
ECB_02617,NA,0.091
ECB_02703,0.04863,0.04507
ECB_02717,0.03861,NA
ECB_02743,NA,0.04443
ECB_02762,0.07526,0.07709
ECB_02765,NA,NA
ECB_02842,NA,NA
ECB_02846,NA,NA
ECB_02847,NA,NA
ECB_02859,0.02933,NA
ECB_02886,NA,0.02905
ECB_02888,NA,0.09955
ECB_02895,0.04082,0.05889
ECB_02945,0.01871,0.05924
ECB_02947,0.02751,0.03032
ECB_02957,0.01822,0.04926
ECB_02977,NA,0.04135
ECB_02979,0.01279,NA
ECB_02981,0.07188,NA
ECB_03075,0.02412,0.03407
ECB_03086,0.0379,0.07112
ECB_03105,0.02114,0.03865
ECB_03127,0.06152,NA
ECB_03134,0.02591,NA
ECB_03136,NA,NA
ECB_03223,NA,NA
ECB_03235,NA,NA
ECB_03267,0.03367,0.03065
ECB_03269,0.02764,0.04233
ECB_03271,NA,0.1334
ECB_03275,0.01777,0.03501
ECB_03287,0.05037,0.07665
ECB_03289,0.05737,0.08381
ECB_03309,0.04957,NA
ECB_03331,NA,NA
ECB_03336,0.05492,0.07211
ECB_03387,NA,NA
ECB_03402,0.01216,0.0297
ECB_03407,NA,NA
ECB_03422,0.0191,0.03334
ECB_03424,0.02993,0.04552
ECB_03430,NA,NA
ECB_03444,0.08487,0.1186
ECB_03575,NA,NA
ECB_03576,NA,NA
ECB_03578,0.01716,NA
ECB_03579,NA,NA
ECB_03582,0.0264,0.04516
ECB_03602,NA,NA
ECB_03629,0.04539,0.04886
ECB_03631,0.01867,0.02909
ECB_03641,0.02531,0.03065
ECB_03642,0.03167,0.04526
ECB_03648,0.03913,0.0782
ECB_03649,NA,0.1379
ECB_03656,NA,0.1064
ECB_03657,0.04144,NA
ECB_03664,0.02693,0.04029
ECB_03665,0.04715,0.06371
ECB_03666,0.02559,NA
ECB_03671,0.01783,0.05129
ECB_03674,0.02969,0.05699
ECB_03675,NA,0.1326
ECB_03680,0.04012,0.05195
ECB_03691,NA,0.03734
ECB_03698,0.05012,NA
ECB_03702,NA,0.1196
ECB_03703,0.05665,0.05424
ECB_03704,0.0259,0.02438
ECB_03705,0.05343,0.05854
ECB_03717,0.05166,0.07197
ECB_03726,0,0.01048
ECB_03730,0.001307,0.01534
ECB_03732,0.02236,0.01835
ECB_03736,0.04902,0.0857
ECB_03740,0.01168,0.02211
ECB_03756,NA,0.01194
ECB_03761,NA,NA
ECB_03764,NA,NA
ECB_03789,0.0538,0.1113
ECB_03794,NA,0.05699
ECB_03799,NA,0.002816
ECB_03833,0.04168,NA
ECB_03837,0.04411,0.04788
ECB_03868,0.02495,0.07427
ECB_03873,0.03807,0.0212
ECB_03963,0.07478,NA
ECB_03969,NA,0.1129
ECB_04018,NA,NA
ECB_04019,NA,NA
ECB_04097,NA,0.1179
ECB_04122,NA,0.1494
ECB_04123,NA,NA
ECB_04185,NA,0.02073
ECB_04194,NA,NA
ECB_03659,NA,0.00428
ECB_00038,0.03315,0.02235
ECB_00039,0.02477,0.0347
ECB_00045,0.02307,0.0353
ECB_00075,0.04882,0.08549
ECB_00078,0.05829,0.05861
ECB_00079,0.06554,0.0852
ECB_00098,0.02984,0.02422
ECB_00118,NA,0.09626
ECB_00121,0.0239,NA
ECB_00124,0.02375,0.01754
ECB_00137,NA,NA
ECB_00146,0.04477,0.04629
ECB_00161,0.03399,0.04961
ECB_00163,NA,NA
ECB_00173,0.007133,0.01272
ECB_00185,0.03767,0.03352
ECB_00187,0.04948,0.03416
ECB_00192,0.05067,NA
ECB_00206,0.044,0.0431
ECB_00216,0.04347,0.07136
ECB_00248,NA,NA
ECB_00258,0.04358,0.02753
ECB_00259,NA,NA
ECB_00260,0.01968,0.02165
ECB_00264,0.04018,0.05877
ECB_00282,NA,NA
ECB_00303,NA,NA
ECB_00304,NA,NA
ECB_00307,NA,NA
ECB_00308,0.05207,0.08425
ECB_00315,0.06944,0.1231
ECB_00319,NA,0.07803
ECB_00327,0.02498,NA
ECB_00334,0.0466,0.04179
ECB_00343,0.02592,0.04196
ECB_00360,NA,NA
ECB_00367,0.0685,0.1084
ECB_00372,0.04275,0.09698
ECB_00374,0.02943,0.06017
ECB_00375,0.0407,0.05682
ECB_00385,0.03558,0.02359
ECB_00386,NA,3.977e-11
ECB_00398,0.03829,0.01819
ECB_00399,0,0.01875
ECB_00408,0.04542,0.02687
ECB_00409,0.02605,0.0263
ECB_00434,0.014,NA
ECB_00442,0.04662,0.03524
ECB_00443,0.01704,0.0501
ECB_00461,0.05216,0.07934
ECB_00463,0.03439,NA
ECB_00478,0.03928,NA
ECB_00480,NA,NA
ECB_00573,0.03698,0.07969
ECB_00575,0.03483,0.03902
ECB_00584,0.02281,0.03844
ECB_00586,0.02237,0.01673
ECB_00598,0.02983,NA
ECB_00599,0.02361,0.02297
ECB_00606,NA,0.0114
ECB_00376,NA,NA
ECB_00642,0.00901,0.02021
ECB_00675,0.05489,0.1363
ECB_00676,NA,NA
ECB_00678,NA,NA
ECB_00692,0.01004,0.02163
ECB_00724,NA,NA
ECB_00761,0.0371,0.07732
ECB_00771,0.0327,0.05016
ECB_00773,NA,NA
ECB_00775,0.02836,0.0629
ECB_00792,0.03609,NA
ECB_00805,0.02772,0.01461
ECB_00811,0.03962,0.02837
ECB_00860,0.07459,0.09466
ECB_00873,NA,0.04769
ECB_00874,0.07396,0.09814
ECB_00878,0.03764,0.0619
ECB_00879,0.03424,0.05218
ECB_00883,0.008896,0.02613
ECB_00898,0.04498,0.04311
ECB_00903,NA,NA
ECB_00909,0.05256,0.09154
ECB_00913,0.05445,0.08028
ECB_00917,0.03058,NA
ECB_00938,0.03646,0.06332
ECB_00940,0.1077,0.1544
ECB_00942,NA,NA
ECB_00947,NA,NA
ECB_00948,NA,NA
ECB_00950,0.04173,0.05874
ECB_00964,0.02698,0.02496
ECB_00967,0.0187,0.02553
ECB_00969,0.05312,0.05981
ECB_00973,0.05698,0.05391
ECB_00985,NA,NA
ECB_00990,NA,NA
ECB_00996,0.03796,0.05869
ECB_01009,0.04084,0.06518
ECB_01010,NA,0.0527
ECB_01014,0.03016,0.04511
ECB_01030,0.03302,0.03668
ECB_01033,0.01708,NA
ECB_01043,0.05294,0.05158
ECB_01048,0.0308,0.02043
ECB_01061,0.01452,0.0385
ECB_01081,NA,NA
ECB_01083,0.02318,0.01899
ECB_01086,0.009912,0.008992
ECB_01104,0.0392,NA
ECB_01107,0.03302,0.03517
ECB_01113,0.06089,0.08227
ECB_01120,NA,NA
ECB_01126,0.04882,0.05588
ECB_01131,0.03936,0.0425
ECB_01143,NA,NA
ECB_01146,NA,NA
ECB_01166,0.04012,0.06897
ECB_01168,0.009674,0.02313
ECB_01176,0.03001,NA
ECB_01181,0.06591,0.05494
ECB_01222,0.02476,0.01247
ECB_01225,0.03912,0.01459
ECB_01233,NA,NA
ECB_01236,0.05154,0.05559
ECB_01259,0.04848,0.02862
ECB_01264,0.03553,0.04293
ECB_01273,NA,NA
ECB_01274,0.03333,NA
ECB_01275,NA,NA
ECB_01280,0.06427,0.08349
ECB_01286,NA,NA
ECB_01291,0.05032,NA
ECB_01302,0.03363,0.03545
ECB_01307,0.03928,NA
ECB_01313,NA,NA
ECB_01315,NA,NA
ECB_01318,0.04366,0.04096
ECB_01323,NA,NA
ECB_01330,NA,NA
ECB_01331,NA,NA
ECB_01333,NA,NA
ECB_01347,0.0417,0.01037
ECB_01355,NA,0.3644
ECB_01357,NA,NA
ECB_01362,NA,NA
ECB_01363,0.08674,0.1061
ECB_01374,0.05736,0.06982
ECB_01379,0.02493,0.01935
ECB_01383,NA,0.005335
ECB_01391,NA,0.03059
ECB_01393,NA,0.05304
ECB_01402,0.02167,0.01264
ECB_01407,NA,NA
ECB_01410,0.02655,NA
ECB_01420,0.1214,0.1587
ECB_01436,0.0494,0.08145
ECB_01437,0.04868,0.06878
ECB_01439,0.02343,0.02029
ECB_01455,0.03684,0.02881
ECB_01456,0.03673,0.03578
ECB_01477,0.04433,0.05387
ECB_01482,0.04263,0.05378
ECB_01489,0.02247,0.03103
ECB_01490,0.0446,0.03239
ECB_01492,NA,0.1539
ECB_01514,NA,NA
ECB_01515,NA,NA
ECB_01554,0.04927,0.04615
ECB_01555,0.02613,0.02004
ECB_01560,0.01974,0.02529
ECB_01561,0.02271,0.03458
ECB_01562,0.01794,0.0135
ECB_01566,0.0341,NA
ECB_01584,0.03805,NA
ECB_01593,0.04254,0.04774
ECB_01596,0.02134,0.01499
ECB_01609,NA,0.08757
ECB_01612,0.008935,0.01051
ECB_01614,0.01579,0.02599
ECB_01618,0.05635,NA
ECB_01652,0.03976,NA
ECB_01658,NA,0.02829
ECB_01664,0.03717,0.05839
ECB_01711,NA,0.04591
ECB_01719,0.05862,0.03463
ECB_01723,0.06949,0.07633
ECB_01726,0.05894,0.0757
ECB_01727,NA,0.091
ECB_01731,NA,NA
ECB_01737,0.04557,0.03799
ECB_01741,NA,NA
ECB_01746,0.04525,0.04165
ECB_01749,NA,0.05346
ECB_01755,0.03409,0.02681
ECB_01757,NA,NA
ECB_01761,0.0285,0.03459
ECB_01763,0.04694,0.05896
ECB_01769,NA,NA
ECB_01779,0.0411,0.06172
ECB_01785,NA,0.02411
ECB_01799,0.02531,0.04138
ECB_01805,0.05058,0.07438
ECB_01806,0.04598,0.06767
ECB_01807,0.02463,0.01928
ECB_01808,0.05123,NA
ECB_01809,0.0324,0.03388
ECB_01827,0.02571,0.02065
ECB_01828,0.02661,0.02308
ECB_01833,NA,0.06511
ECB_01838,NA,0.1132
ECB_01840,0.01801,0.02829
ECB_01843,0.07634,NA
ECB_01845,0.02721,NA
ECB_01846,0.03888,0.04259
ECB_01848,NA,NA
ECB_01878,0.02398,0.04271
ECB_01884,0.02827,0.0402
ECB_01889,NA,NA
ECB_01890,0.02563,0.01357
ECB_02801,NA,NA
ECB_01917,0.04334,NA
ECB_01918,NA,0.07559
ECB_01924,NA,0.3413
ECB_01926,0.1163,0.3709
ECB_01929,NA,NA
ECB_01957,0.02426,NA
ECB_01966,0.04246,NA
ECB_01969,0.03666,0.08092
ECB_01972,0.008899,0.02971
ECB_01975,0.06238,0.08539
ECB_01979,NA,0.08635
ECB_01985,0.04742,0.04926
ECB_02014,0.05144,0.05027
ECB_02024,NA,0.03202
ECB_02025,0.03581,0.06008
ECB_02030,0.0689,0.09819
ECB_02043,0.04273,0.0813
ECB_02048,0.07078,0.08378
ECB_02052,NA,NA
ECB_02054,0.0417,0.04431
ECB_02065,NA,0.05299
ECB_02066,0.02211,0.04652
ECB_02076,0.0451,0.06352
ECB_02101,0.01352,NA
ECB_02104,0.0377,0.02576
ECB_02107,0.03043,0.04822
ECB_02128,0.02316,0.02321
ECB_02130,0.003043,0.02216
ECB_02155,0.03525,NA
ECB_02156,NA,0.06704
ECB_02172,NA,NA
ECB_02176,0.07452,NA
ECB_02185,0.04301,NA
ECB_02186,0.04161,0.0223
ECB_02192,0.04372,0.06
ECB_02195,0.04596,0.05893
ECB_02218,0.03103,0.03773
ECB_02219,0.02098,0.01532
ECB_02223,0.02114,0.0403
ECB_02239,NA,0.04633
ECB_02249,0.07098,0.09989
ECB_02255,0.09844,0.1345
ECB_02257,NA,NA
ECB_02267,NA,0.03856
ECB_02288,0.03308,0.04402
ECB_02604,NA,NA
ECB_02303,NA,0.04531
ECB_02304,0.02724,0.02273
ECB_02323,0.08717,NA
ECB_02326,0.03655,0.06253
ECB_02331,0.01811,0.05397
ECB_02333,0.03353,0.04425
ECB_02334,0.008215,0.0271
ECB_02338,0.03142,0.01886
ECB_02341,NA,0.08311
ECB_02344,0.05861,0.1049
ECB_02348,NA,0.01537
ECB_02353,0.07647,0.1034
ECB_02365,0.03245,0.06701
ECB_02369,0.01974,0.008949
ECB_02371,0.03422,0.01055
ECB_02373,0.02127,NA
ECB_02382,0.0006411,NA
ECB_02383,NA,NA
ECB_02390,0.00233,0.02025
ECB_02402,NA,NA
ECB_02403,0.03683,0.05067
ECB_02413,0.02629,0.04305
ECB_02414,NA,0.04136
ECB_02415,0.03771,0.06622
ECB_02427,0.03399,0.03627
ECB_02437,0.09377,0.1448
ECB_02442,0.05506,0.07668
ECB_02448,0.03396,0.06659
ECB_02454,0.05269,0.0678
ECB_02455,0.02218,0.01576
ECB_02469,0.04508,0.08277
ECB_02471,0.057,0.09891
ECB_02477,0.04821,0.03027
ECB_02479,0.02089,0.01698
ECB_02491,0.02977,0.02529
ECB_02497,0,0.00842
ECB_02505,NA,NA
ECB_02506,0.02967,0.04066
ECB_02119,NA,NA
ECB_02515,NA,0.115
ECB_02516,0.02889,0.08705
ECB_02520,0.05003,0.06231
ECB_02558,0.04019,0.07188
ECB_02559,0.04194,0.08607
ECB_02611,0.04066,0.05932
ECB_02612,0.02956,0.05977
ECB_02614,0.104,NA
ECB_02615,0.039,0.04497
ECB_02616,NA,NA
ECB_02618,NA,0.125
ECB_02623,NA,NA
ECB_02660,NA,0.003798
ECB_02665,0.02951,NA
ECB_02672,0.04892,0.07175
ECB_02692,0.05324,0.04895
ECB_02694,NA,NA
ECB_02698,NA,0.02066
ECB_02706,0.04331,0.06493
ECB_02709,0.01445,0.02674
ECB_02712,0.02999,0.04146
ECB_02715,0.03693,0.04016
ECB_02718,0.02253,0.04098
ECB_02719,0.0428,0.05204
ECB_02720,NA,0.03559
ECB_02741,0.02874,0.03832
ECB_02750,0.02444,NA
ECB_02752,0.03085,NA
ECB_02766,0.0679,0.09923
ECB_02776,0.03092,0.02612
ECB_02778,0.04383,0.04011
ECB_02780,0.05807,0.08678
ECB_02783,0.03172,0.03526
ECB_02789,NA,0.01288
ECB_02793,0.01713,0.03959
ECB_02794,0.02412,0.03785
ECB_02795,0.02115,0.04503
ECB_02841,NA,NA
ECB_02865,0.07099,NA
ECB_02883,0.04602,0.02044
ECB_02885,0.02585,0.01639
ECB_02907,0.02103,0.03265
ECB_02914,NA,0.1306
ECB_02917,NA,NA
ECB_02928,0.03601,0.05477
ECB_02953,0.06282,0.08556
ECB_02954,NA,0.06097
ECB_02963,0.06669,0.1123
ECB_02966,NA,0.009062
ECB_02970,NA,0.0695
ECB_02976,0.04366,0.0309
ECB_02980,0.03219,NA
ECB_02987,NA,NA
ECB_02998,0.01618,0.02958
ECB_03019,0.04646,0.05188
ECB_03020,NA,0.07061
ECB_03026,NA,0.0888
ECB_03029,NA,0.04915
ECB_03039,0.0565,NA
ECB_03042,0.0369,0.04768
ECB_03046,0.01246,0.01557
ECB_03055,NA,NA
ECB_03056,0.01247,0.02714
ECB_03074,0.04005,0.037
ECB_03082,0.06367,0.1154
ECB_03084,0.0331,0.05197
ECB_03093,0.02706,0.0135
ECB_03098,0.04149,0.0277
ECB_03102,NA,0.008794
ECB_03106,0.03154,0.03819
ECB_03110,0.03444,0.01763
ECB_03116,0.05955,0.08025
ECB_03120,0.02595,0.04213
ECB_03128,0.02386,NA
ECB_03130,0.02712,0.01738
ECB_03176,NA,NA
ECB_03181,NA,NA
ECB_03184,NA,NA
ECB_03185,NA,NA
ECB_03197,0.06934,0.01202
ECB_03209,NA,0.04812
ECB_03218,0.03761,0.0763
ECB_03221,NA,NA
ECB_03230,0.04159,NA
ECB_03234,0.03484,NA
ECB_03242,0.0285,0.009789
ECB_03244,0.03461,NA
ECB_03247,0.02447,0.07718
ECB_03251,0.009508,0.01689
ECB_03253,0.03603,0.03162
ECB_03258,0.03451,0.03966
ECB_03259,0.0414,0.08028
ECB_03265,0.03179,0.06218
ECB_03288,0.05339,0.05439
ECB_03299,NA,0.1032
ECB_03303,NA,0.1288
ECB_03321,0.02365,0.02698
ECB_03322,0.03243,0.04773
ECB_03323,0.02548,0.05595
ECB_03332,NA,NA
ECB_03351,0.05238,NA
ECB_03354,0.03388,NA
ECB_03373,0.006583,0.02125
ECB_03374,0.009642,0.03345
ECB_03381,NA,NA
ECB_03385,NA,NA
ECB_03396,0.05708,0.08041
ECB_03398,0.01234,0.03115
ECB_03403,0.0255,0.03106
ECB_03404,0.0324,0.03535
ECB_03414,0.07972,0.08491
ECB_03415,0.03842,0.05779
ECB_03434,NA,NA
ECB_03443,0.05519,0.09704
ECB_03472,0.0306,0.04381
ECB_03496,0.01464,0.02455
ECB_03498,0.03515,0.04794
ECB_03502,NA,NA
ECB_03503,0.05691,0.05809
ECB_03504,0.03388,0.05907
ECB_03515,NA,0.03746
ECB_03547,0.03169,0.04441
ECB_03548,0.05271,NA
ECB_03551,NA,0.07085
ECB_03552,0.05143,0.09543
ECB_03557,0.01612,0.03791
ECB_03568,0.05844,0.09387
ECB_03569,0.03328,0.02328
ECB_03571,0.08182,0.1154
ECB_03572,0.09063,0.1144
ECB_03573,0.04181,0.1018
ECB_03574,0.02756,NA
ECB_03581,0.06063,0.07857
ECB_03592,0.04456,0.06744
ECB_03623,NA,NA
ECB_03630,0.01616,0.03084
ECB_03634,NA,NA
ECB_03663,0.01706,0.0361
ECB_03685,0.0546,0.04476
ECB_03697,NA,NA
ECB_03699,0.02477,0.03667
ECB_03729,NA,0.003143
ECB_03739,0.03161,0.03806
ECB_03747,0.02592,NA
ECB_03752,0.03357,0.04404
ECB_03765,NA,NA
ECB_03768,NA,NA
ECB_03769,NA,0.3146
ECB_03770,0.03893,0.04638
ECB_03775,0.02625,NA
ECB_03784,NA,NA
ECB_03795,0.02616,0.03644
ECB_03796,0.04386,0.06277
ECB_03829,0.0415,0.06988
ECB_03831,0.08391,0.1354
ECB_03847,0.02702,0.04051
ECB_03852,0.01955,0.02577
ECB_03869,0.03185,0.03443
ECB_03875,0.03739,0.05007
ECB_03879,0.06591,0.09411
ECB_03890,0.06526,0.07907
ECB_03899,NA,0.0883
ECB_03911,0.03333,0.008336
ECB_03913,0.02548,NA
ECB_03918,NA,0.07679
ECB_03922,0.01855,NA
ECB_03932,0.02285,0.0512
ECB_03943,0.01579,0.02304
ECB_03953,0.03981,0.06592
ECB_03955,NA,0.2423
ECB_03961,NA,NA
ECB_03981,0.01848,0.02622
ECB_03985,0.06543,0.1135
ECB_04005,0.01846,NA
ECB_04009,NA,0.01493
ECB_04010,0.05723,0.04793
ECB_04014,0,0.02401
ECB_04020,0.01092,NA
ECB_04027,0.03264,0.02577
ECB_04028,0.02824,0.03706
ECB_04031,0.0182,0.04338
ECB_04032,0.0191,0.05946
ECB_04046,0.03362,0.05058
ECB_04055,NA,0.006467
ECB_04056,0.02433,0.009252
ECB_04059,NA,0.1246
ECB_04060,0.06422,0.1207
ECB_04079,0.06665,0.0535
ECB_04084,NA,0.07815
ECB_04088,NA,0.004263
ECB_04099,NA,NA
ECB_04111,NA,NA
ECB_04117,NA,NA
ECB_04118,NA,0.3271
ECB_04119,NA,NA
ECB_04128,0.01685,0.03893
ECB_04135,NA,0.1165
ECB_04141,NA,NA
ECB_04142,NA,NA
ECB_04171,NA,NA
ECB_04177,0.07485,0.04812
ECB_04178,0.03781,0.01431
ECB_04184,NA,0.02857
ECB_04195,NA,0.1753
ECB_04199,NA,0.08134
ECB_04200,NA,NA
ECB_04203,NA,0.05967
ECB_04204,0.1023,0.06751
ECB_04212,NA,NA
ECB_04218,0.06547,0.1029
ECB_04220,0.02243,0.04463
ECB_04236,0.02353,0.04684
ECB_04237,0.02251,0.04388
ECB_04241,0.04003,0.04522
ECB_04254,NA,0.1331
ECB_04266,0.09541,0.1411
ECB_04268,0.0415,0.05791
ECB_04270,0.05992,0.05478
ECB_01008,NA,NA
ECB_01332,NA,NA
ECB_01871,0.02576,NA
ECB_00501,NA,NA
ECB_00552,0.003502,0.02814
ECB_00566,0.004696,NA
ECB_00656,NA,NA
ECB_00694,NA,NA
ECB_00994,NA,NA
ECB_01144,NA,NA
ECB_01329,NA,NA
ECB_01350,NA,NA
ECB_01797,0.05338,NA
ECB_02057,NA,NA
ECB_02100,NA,NA
ECB_02184,0.003061,0.02011
ECB_02310,0.01629,NA
ECB_02364,NA,1.316e-16
ECB_03142,NA,NA
ECB_03412,NA,0.09349
ECB_03457,0.03197,NA
ECB_03545,NA,0.1494
ECB_03588,NA,NA
ECB_03684,NA,0.009881
ECB_04170,NA,NA
ECB_04245,0.004715,0.04051
ECB_02047,NA,NA
ECB_04174,NA,NA
ECB_00300,NA,NA
ECB_00439,0.05001,0.06078
ECB_00483,NA,NA
ECB_00628,0.02015,0.05854
ECB_00650,NA,NA
ECB_00721,0.05286,NA
ECB_00796,0.02235,0.03298
ECB_00895,0.02579,0.0117
ECB_00956,0.03374,0.03925
ECB_00970,0.002116,0.004334
ECB_00971,0.02776,0.04995
ECB_01156,0.03275,0.01538
ECB_01196,0.02566,0.02397
ECB_01198,0.04065,0.04183
ECB_01368,0.08207,0.1133
ECB_01381,0.03867,0.03954
ECB_01395,NA,NA
ECB_01431,0.04196,0.05171
ECB_01435,0.04045,NA
ECB_01448,NA,NA
ECB_01577,0.03748,0.02186
ECB_01619,0.01521,0.03674
ECB_01628,NA,NA
ECB_01670,0.04776,NA
ECB_01690,NA,NA
ECB_01700,0.03669,0.04274
ECB_01724,0.04006,0.06435
ECB_01818,0.03412,0.02293
ECB_01863,NA,0.007235
ECB_01867,NA,NA
ECB_01891,NA,NA
ECB_01910,NA,0.007844
ECB_02145,NA,0.0298
ECB_02179,0.03491,0.03687
ECB_02201,0.005988,0.05018
ECB_02208,0.04029,0.06142
ECB_02211,0.01988,0.04774
ECB_02268,NA,0.05826
ECB_02435,0.04992,0.07541
ECB_02453,0.0304,0.04871
ECB_02480,0.03296,0.0805
ECB_02500,0.01556,0.03473
ECB_02501,NA,0.09432
ECB_02769,NA,NA
ECB_02909,0.03096,0.0252
ECB_02942,0.03818,0.06642
ECB_02956,0.05836,0.112
ECB_02978,0.02866,0.02949
ECB_02982,NA,0.0319
ECB_02989,0.04846,0.05475
ECB_02990,0.02633,0.03173
ECB_03031,NA,0.0419
ECB_03369,0.02802,0.0581
ECB_03401,0.04747,0.06462
ECB_03546,NA,0.08445
ECB_03603,NA,NA
ECB_03644,0.03775,0.04606
ECB_03668,0.04116,0.02171
ECB_03742,0.02438,0.04555
ECB_03750,0.03383,0.04267
ECB_03762,NA,NA
ECB_03774,NA,0.04521
ECB_03844,0.02523,0.03892
ECB_03848,0.00956,0.01887
ECB_03921,0.03705,0.06204
ECB_04098,NA,0.1206
ECB_04202,NA,NA
ECB_04213,NA,NA
ECB_04240,NA,0.07629
ECB_04243,0.04601,0.03661
ECB_04252,NA,NA
ECB_00292,NA,NA
ECB_03500,0.06064,0.05396
ECB_00142,0.0373,0.07241
ECB_00147,0.03663,0.07423
ECB_00311,NA,0.01837
ECB_00331,0.05434,0.05115
ECB_00763,0.03293,0.06041
ECB_00774,0.03017,0.05788
ECB_01133,0.06355,0.07442
ECB_01175,0.0354,0.03169
ECB_01241,0.06956,0.0673
ECB_01447,NA,NA
ECB_01791,NA,0.02065
ECB_01913,0.039,0.04491
ECB_02064,0.04045,0.03289
ECB_02281,0.06013,0.06982
ECB_02441,0.0462,NA
ECB_02986,NA,NA
ECB_03222,NA,NA
ECB_03225,NA,NA
ECB_03248,0.02834,0.04259
ECB_03357,0.03139,0.02282
ECB_03471,0.04126,0.08148
ECB_03495,0.01884,0.03076
ECB_04054,0.07464,0.04865
ECB_04078,NA,0.2509
ECB_04156,NA,NA
ECB_03701,0.04065,0.08603
ECB_03916,0.04455,0.0563
ECB_01358,NA,NA
ECB_01123,0.001424,0.05194
ECB_01557,NA,NA
ECB_01803,0.03257,0.02667
ECB_03792,0.02116,0.02186
ECB_00040,0.01935,0.03265
ECB_00041,0.03548,0.04724
ECB_01305,0.03397,0.01988
ECB_03988,0.01586,0.02278
ECB_04067,NA,NA
ECB_00143,NA,0.1063
ECB_00322,0.03702,0.05243
ECB_00791,0.0517,0.06967
ECB_00927,0.0125,0.03517
ECB_01147,0.03225,NA
ECB_01173,0.02733,0.02929
ECB_01210,0.03684,0.02997
ECB_01303,0.04059,0.04828
ECB_01406,NA,NA
ECB_01529,NA,NA
ECB_01640,0.03102,0.03913
ECB_01654,0.02836,NA
ECB_01660,0.03722,0.02764
ECB_01697,0.03185,0.03581
ECB_01699,NA,NA
ECB_01780,0.06677,0.05578
ECB_01896,0.02274,NA
ECB_02695,NA,NA
ECB_02173,NA,NA
ECB_02305,NA,0.1148
ECB_02388,0.01747,0.02551
ECB_02426,NA,0.08353
ECB_02580,NA,0.06623
ECB_02585,0.02886,NA
ECB_02643,0.03039,0.01837
ECB_02911,NA,0.09185
ECB_03037,0.02498,0.005223
ECB_03335,0.01935,0.06656
ECB_03340,NA,NA
ECB_03372,0.05356,0.06734
ECB_03377,0.02727,0.03638
ECB_03378,0.02835,NA
ECB_03564,0.03423,NA
ECB_03596,0.01321,0.02267
ECB_04082,0.02036,0.05813
ECB_04216,NA,NA
ECB_04235,NA,0.08251
