locus_tag,max_omega
ECB_00002,1.03659
ECB_00003,0.19598
ECB_00006,1.4429
ECB_00007,0.378832
ECB_00008,0.543243
ECB_00009,0.215571
ECB_00010,0.118171
ECB_00013,0.309866
ECB_00014,0.194241
ECB_00015,0.322185
ECB_00018,0.0905234
ECB_00019,2.7041
ECB_00027,0.193928
ECB_00029,0.578511
ECB_00030,0.34301
ECB_00031,1.56392
ECB_00032,0.049178
ECB_00033,0.846987
ECB_00034,1.06332
ECB_00035,0.768529
ECB_00036,0.4666
ECB_00037,0.146023
ECB_00038,1.13259
ECB_00039,1.13343
ECB_00040,0.512141
ECB_00041,1.19798
ECB_00043,0.110121
ECB_00044,0.152561
ECB_00045,1.12978
ECB_00046,0.576443
ECB_00047,0.140249
ECB_00048,0.048315
ECB_00049,0.110279
ECB_00050,0.0939394
ECB_00051,0.231337
ECB_00052,0.688473
ECB_00053,0.490624
ECB_00054,6.3507
ECB_00055,1.38583
ECB_00056,0.725473
ECB_00058,1.83803
ECB_00059,1.10387
ECB_00060,0.160512
ECB_00061,0.280501
ECB_00062,0.740809
ECB_00064,0.0897886
ECB_00065,5.65399
ECB_00066,0.341056
ECB_00067,0.240776
ECB_00068,0.817248
ECB_00069,0.894621
ECB_00070,0.317716
ECB_00071,2.16312
ECB_00073,0.719092
ECB_00074,0.0479925
ECB_00075,0.150338
ECB_00076,0.0940331
ECB_00078,0.389769
ECB_00079,0.323725
ECB_00080,0.126098
ECB_00081,0.0523643
ECB_00082,0.882714
ECB_00083,0.0591852
ECB_00084,0.627865
ECB_00085,0.115217
ECB_00086,0.252692
ECB_00087,0.992213
ECB_00088,0.143356
ECB_00089,0.0917618
ECB_00090,0.0509552
ECB_00091,0.231973
ECB_00092,0.227758
ECB_00093,0.559798
ECB_00094,0.865252
ECB_00095,0.0823288
ECB_00096,0.0880746
ECB_00097,0.128884
ECB_00098,5.93798
ECB_00099,0.128455
ECB_00100,1.27634
ECB_00102,0.331293
ECB_00103,0.483658
ECB_00104,0.247018
ECB_00105,0.564171
ECB_00106,2.00072
ECB_00107,0.404152
ECB_00108,0.405342
ECB_00109,0.573237
ECB_00110,0.434896
ECB_00111,0.120742
ECB_00112,0.0862641
ECB_00113,0.109166
ECB_00114,0.46589
ECB_00115,0.884532
ECB_00116,3.97291
ECB_00117,0.0645783
ECB_00118,0.595949
ECB_00119,0.150617
ECB_00120,0.127784
ECB_00122,0.621314
ECB_00123,6.25484
ECB_00124,0.218193
ECB_00125,1.85724
ECB_00126,1.12109
ECB_00127,0.0357225
ECB_00128,0.388684
ECB_00129,4.47332
ECB_00130,0.123887
ECB_00131,0.511851
ECB_00132,0.554648
ECB_00133,0.592731
ECB_00141,2.49596
ECB_00142,1.66102
ECB_00143,0.136816
ECB_00144,0.118991
ECB_00145,0.271607
ECB_00146,0.772222
ECB_00147,2.91203
ECB_00148,4.27774
ECB_00149,1.10199
ECB_00150,0.057542
ECB_00151,0.501545
ECB_00152,0.7195
ECB_00153,0.241438
ECB_00154,1.04303
ECB_00155,0.0776849
ECB_00156,0.234018
ECB_00158,0.262025
ECB_00159,0.453772
ECB_00160,0.13184
ECB_00161,0.0729047
ECB_00162,0.0592396
ECB_00164,0.106527
ECB_00165,0.401165
ECB_00166,0.109248
ECB_00167,7.89339
ECB_00168,1.06035
ECB_00169,0.104764
ECB_00170,0.156648
ECB_00171,4.6775
ECB_00172,0.99006
ECB_00173,0.865433
ECB_00174,1.42302
ECB_00175,3.98206
ECB_00176,0.0479631
ECB_00177,0.147408
ECB_00178,0.814991
ECB_00179,0.273039
ECB_00180,8.49785
ECB_00181,0.113174
ECB_00182,0.81577
ECB_00183,2.38954
ECB_00185,0.342608
ECB_00186,1.48752
ECB_00187,5.96395
ECB_00188,8.0504
ECB_00189,0.308457
ECB_00190,0.218691
ECB_00191,0.260173
ECB_00193,0.505657
ECB_00194,0.107085
ECB_00195,0.347027
ECB_00196,0.211515
ECB_00197,0.128466
ECB_00198,0.18062
ECB_00199,0.441183
ECB_00200,0.538434
ECB_00201,0.685643
ECB_00202,0.204493
ECB_00203,2.28349
ECB_00204,0.200456
ECB_00205,1.37975
ECB_00206,0.215897
ECB_00207,0.0478489
ECB_00208,0.314269
ECB_00214,7.23973
ECB_00215,0.0629013
ECB_00216,1.13638
ECB_00217,0.0333241
ECB_00218,0.85278
ECB_00219,0.0491716
ECB_00222,0.389626
ECB_00226,2.27983
ECB_00229,1.05985
ECB_00232,0.353963
ECB_00233,0.190273
ECB_00234,0.196307
ECB_00235,1.08844
ECB_00238,9.0265
ECB_00239,0.0366384
ECB_00240,0.323522
ECB_00258,5.13526
ECB_00260,6.03307
ECB_00261,0.331592
ECB_00262,0.882834
ECB_00263,2.01536
ECB_00264,0.652885
ECB_00267,0.280678
ECB_00268,0.291473
ECB_00269,1.16241
ECB_00270,0.121999
ECB_00271,1.24646
ECB_00274,0.74948
ECB_00275,0.968656
ECB_00276,0.314608
ECB_00277,0.121608
ECB_00278,0.402595
ECB_00279,1.09774
ECB_00280,0.473554
ECB_00284,0.0882822
ECB_00285,1.9215
ECB_00286,1.06285
ECB_00287,0.0806744
ECB_00288,0.199383
ECB_00289,0.127943
ECB_00290,0.120513
ECB_00291,0.286339
ECB_00297,0.189024
ECB_00298,3.52794
ECB_00308,0.55574
ECB_00309,4.11828
ECB_00310,0.17106
ECB_00311,0.209464
ECB_00315,0.0562411
ECB_00316,0.478231
ECB_00318,0.146153
ECB_00319,0.999391
ECB_00322,0.458674
ECB_00323,0.265183
ECB_00324,0.830937
ECB_00325,0.672098
ECB_00326,0.307613
ECB_00328,0.1041
ECB_00329,0.486513
ECB_00330,1.27641
ECB_00331,0.152292
ECB_00332,0.269133
ECB_00333,0.510845
ECB_00334,0.609246
ECB_00335,0.0655176
ECB_00336,0.336881
ECB_00337,0.983901
ECB_00338,0.0818196
ECB_00342,0.60163
ECB_00343,1.1031
ECB_00344,0.572774
ECB_00345,3.29531
ECB_00346,0.319942
ECB_00347,0.463743
ECB_00348,0.59432
ECB_00349,0.103819
ECB_00350,0.101106
ECB_00353,0.399125
ECB_00354,0.185306
ECB_00355,0.0800519
ECB_00356,0.131305
ECB_00357,1.11299
ECB_00358,0.070835
ECB_00359,0.194736
ECB_00361,0.0914932
ECB_00362,0.870833
ECB_00363,0.126462
ECB_00364,0.0868072
ECB_00365,0.158291
ECB_00366,0.0557359
ECB_00367,0.432529
ECB_00368,0.263841
ECB_00369,0.237149
ECB_00370,0.308156
ECB_00372,0.037068
ECB_00373,0.222238
ECB_00374,0.133619
ECB_00375,0.241044
ECB_00379,0.155897
ECB_00380,3.58349
ECB_00381,0.28686
ECB_00382,0.108696
ECB_00383,3.27028
ECB_00384,0.366813
ECB_00385,0.359433
ECB_00386,1.67281
ECB_00387,0.297718
ECB_00388,0.0609818
ECB_00389,0.0395572
ECB_00391,0.122401
ECB_00392,0.171948
ECB_00393,0.214501
ECB_00394,0.713704
ECB_00395,0.0955132
ECB_00396,4.12535
ECB_00397,0.819735
ECB_00398,1.47773
ECB_00399,0.687344
ECB_00400,2.3224
ECB_00401,0.230648
ECB_00403,0.0938704
ECB_00404,0.0874416
ECB_00405,0.52758
ECB_00406,0.10606
ECB_00407,0.105929
ECB_00408,1.8741
ECB_00409,0.699708
ECB_00410,0.825394
ECB_00411,0.065891
ECB_00412,0.0858293
ECB_00415,6.4981
ECB_00416,0.189264
ECB_00417,1.24556
ECB_00418,0.142811
ECB_00419,0.693907
ECB_00420,0.301575
ECB_00421,0.782791
ECB_00422,0.0719701
ECB_00423,0.22552
ECB_00424,0.143938
ECB_00425,0.119317
ECB_00426,0.223289
ECB_00427,1.80834
ECB_00428,0.0404508
ECB_00429,0.287255
ECB_00430,0.166177
ECB_00431,0.423532
ECB_00432,0.217991
ECB_00433,0.334265
ECB_00435,0.388152
ECB_00436,11.0949
ECB_00437,2.15798
ECB_00438,0.0421365
ECB_00439,2.00134
ECB_00440,0.0344206
ECB_00441,0.576461
ECB_00442,0.0975994
ECB_00443,0.403941
ECB_00444,0.284748
ECB_00445,0.417545
ECB_00447,0.375861
ECB_00453,2.17962
ECB_00454,0.238606
ECB_00455,0.135959
ECB_00456,0.12081
ECB_00458,0.265214
ECB_00459,0.222847
ECB_00461,0.241542
ECB_00464,2.49792
ECB_00465,0.901322
ECB_00466,0.833553
ECB_00467,18.663
ECB_00468,4.98575
ECB_00470,0.470616
ECB_00471,0.258215
ECB_00472,1.67118
ECB_00473,0.129829
ECB_00474,4.9561
ECB_00475,0.440736
ECB_00476,0.0651339
ECB_00477,0.33726
ECB_00479,0.312353
ECB_00531,1.72666
ECB_00532,0.446704
ECB_00533,0.23892
ECB_00534,2.34755
ECB_00535,0.405721
ECB_00536,9.35293
ECB_00537,0.175848
ECB_00538,0.178434
ECB_00539,0.354452
ECB_00540,3.44948
ECB_00541,1.03759
ECB_00542,1.02748
ECB_00549,6.71401
ECB_00550,0.812011
ECB_00551,7.5412
ECB_00552,0.945263
ECB_00553,2.26719
ECB_00554,2.25273
ECB_00555,0.434773
ECB_00556,4.71319
ECB_00557,0.0650583
ECB_00558,0.740543
ECB_00559,0.199851
ECB_00560,2.07801
ECB_00561,0.895489
ECB_00562,1.03472
ECB_00563,0.3028
ECB_00564,1.25682
ECB_00567,6.55314
ECB_00568,0.135141
ECB_00573,5.03927
ECB_00574,0.808842
ECB_00575,0.108519
ECB_00576,0.0756922
ECB_00578,0.115729
ECB_00579,2.25018
ECB_00580,0.214341
ECB_00581,3.32121
ECB_00582,0.323351
ECB_00583,0.603315
ECB_00584,0.0739864
ECB_00585,0.23254
ECB_00586,0.548928
ECB_00589,1.06746
ECB_00590,0.151009
ECB_00591,0.0875572
ECB_00594,0.143073
ECB_00596,1.8312
ECB_00597,0.0483222
ECB_00599,0.245831
ECB_00600,0.598419
ECB_00601,0.114815
ECB_00602,0.760214
ECB_00603,0.179735
ECB_00604,0.0513412
ECB_00605,0.164913
ECB_00606,0.100633
ECB_00607,0.259107
ECB_00608,0.194252
ECB_00609,1.34188
ECB_00610,2.05964
ECB_00611,0.186201
ECB_00612,0.104957
ECB_00617,0.788046
ECB_00621,0.0418384
ECB_00622,0.0878721
ECB_00623,0.24381
ECB_00625,7.62736
ECB_00626,0.0557115
ECB_00627,0.295453
ECB_00628,0.0938055
ECB_00629,0.0423956
ECB_00630,0.388208
ECB_00631,0.10946
ECB_00632,0.0296046
ECB_00633,0.0350447
ECB_00634,0.256381
ECB_00635,0.0480054
ECB_00636,0.179894
ECB_00637,0.134219
ECB_00639,0.160815
ECB_00640,0.059024
ECB_00641,1.74878
ECB_00642,0.413272
ECB_00643,0.181547
ECB_00644,1.30144
ECB_00645,0.0729764
ECB_00651,0.16714
ECB_00653,1.36188
ECB_00654,0.573344
ECB_00655,5.34403
ECB_00657,0.335538
ECB_00667,0.458046
ECB_00668,1.05807
ECB_00669,0.103459
ECB_00670,0.201498
ECB_00672,0.264174
ECB_00673,0.888531
ECB_00674,0.57479
ECB_00675,1.60088
ECB_00680,1.88413
ECB_00681,2.41982
ECB_00682,0.202721
ECB_00683,0.0752394
ECB_00684,0.308955
ECB_00685,0.0608541
ECB_00686,1.77207
ECB_00687,0.107591
ECB_00688,0.0343198
ECB_00692,0.0776467
ECB_00693,0.0651405
ECB_00695,0.0491059
ECB_00696,1.92877
ECB_00697,0.0700288
ECB_00698,3.64642
ECB_00699,0.667218
ECB_00701,0.80879
ECB_00702,0.888604
ECB_00703,1.25193
ECB_00704,0.423467
ECB_00706,0.126324
ECB_00707,0.183859
ECB_00708,0.0392468
ECB_00725,0.293409
ECB_00740,0.159818
ECB_00741,1.40666
ECB_00742,0.0709493
ECB_00743,1.31389
ECB_00744,0.259719
ECB_00745,0.332789
ECB_00746,0.058995
ECB_00747,4.75046
ECB_00748,0.343763
ECB_00749,0.0842436
ECB_00750,0.138735
ECB_00751,0.302073
ECB_00752,0.16763
ECB_00753,0.0952454
ECB_00755,0.241695
ECB_00756,0.110477
ECB_00757,0.995052
ECB_00758,0.259204
ECB_00759,0.0355565
ECB_00760,0.066812
ECB_00761,0.13115
ECB_00762,0.0972927
ECB_00763,0.139778
ECB_00764,0.378481
ECB_00766,1.14555
ECB_00767,0.625094
ECB_00768,7.02932
ECB_00769,0.13356
ECB_00770,0.513391
ECB_00771,0.394662
ECB_00772,17.0632
ECB_00774,0.795489
ECB_00775,0.868985
ECB_00776,0.0916883
ECB_00777,0.169581
ECB_00778,0.071769
ECB_00779,0.165091
ECB_00780,0.258772
ECB_00781,0.0764331
ECB_00782,0.628121
ECB_00784,0.220658
ECB_00785,10.3639
ECB_00786,0.0644079
ECB_00787,2.0044
ECB_00789,2.40921
ECB_00791,0.283717
ECB_00793,1.09945
ECB_00794,0.507843
ECB_00796,0.551345
ECB_00797,0.246489
ECB_00798,0.106049
ECB_00799,0.407194
ECB_00800,0.512906
ECB_00801,0.370597
ECB_00802,0.492556
ECB_00803,0.627694
ECB_00805,0.254211
ECB_00806,0.136847
ECB_00807,0.782933
ECB_00808,1.52989
ECB_00809,0.304336
ECB_00810,4.714
ECB_00811,3.45042
ECB_00813,0.479626
ECB_00852,0.0581751
ECB_00853,0.0943053
ECB_00854,1.25921
ECB_00855,2.16563
ECB_00856,0.381707
ECB_00857,0.745741
ECB_00858,0.575263
ECB_00859,0.225076
ECB_00860,0.307096
ECB_00861,0.187929
ECB_00862,0.291228
ECB_00863,0.141915
ECB_00864,2.6127
ECB_00866,0.0496945
ECB_00867,0.83986
ECB_00868,0.0433082
ECB_00869,0.0674961
ECB_00870,0.276618
ECB_00871,0.318857
ECB_00872,0.486102
ECB_00873,0.186219
ECB_00874,0.34439
ECB_00875,8.05134
ECB_00876,1.10334
ECB_00877,0.393671
ECB_00878,0.0870843
ECB_00879,0.268374
ECB_00880,0.608692
ECB_00881,0.181189
ECB_00882,1.59149
ECB_00883,0.557311
ECB_00884,0.73218
ECB_00885,0.204856
ECB_00886,0.257194
ECB_00887,0.0744617
ECB_00888,1.66641
ECB_00889,0.239787
ECB_00890,1.24412
ECB_00891,1.13431
ECB_00892,0.235397
ECB_00893,0.70411
ECB_00895,0.581041
ECB_00896,0.0916149
ECB_00897,0.0450663
ECB_00898,1.08073
ECB_00900,0.196804
ECB_00901,0.06315
ECB_00902,1.7826
ECB_00906,0.0946215
ECB_00908,3.29214
ECB_00909,0.224519
ECB_00910,0.0741676
ECB_00911,0.621184
ECB_00912,2.56711
ECB_00913,0.266717
ECB_00914,0.0675725
ECB_00915,0.190951
ECB_00916,0.3726
ECB_00918,0.213414
ECB_00919,0.810776
ECB_00920,1.2542
ECB_00921,0.0535642
ECB_00922,0.520989
ECB_00923,0.272588
ECB_00924,0.150688
ECB_00925,0.283459
ECB_00926,0.731361
ECB_00927,0.165655
ECB_00928,0.194163
ECB_00929,0.566079
ECB_00930,0.0716998
ECB_00931,0.300599
ECB_00932,0.136483
ECB_00933,3.66223
ECB_00934,0.111466
ECB_00936,0.534823
ECB_00937,1.84914
ECB_00938,0.0852345
ECB_00939,0.297537
ECB_00940,0.388425
ECB_00941,0.405579
ECB_00949,0.0819848
ECB_00950,0.331022
ECB_00951,1.47626
ECB_00952,0.321148
ECB_00953,0.992963
ECB_00954,0.161289
ECB_00955,0.36056
ECB_00956,0.467325
ECB_00958,0.271129
ECB_00959,1.13292
ECB_00960,1.19983
ECB_00961,9.69564
ECB_00962,0.383831
ECB_00964,0.557132
ECB_00965,0.388864
ECB_00966,9.92114
ECB_00967,0.247268
ECB_00968,0.175576
ECB_00969,0.117152
ECB_00970,0.532667
ECB_00971,2.77513
ECB_00973,0.0997762
ECB_00974,0.147259
ECB_00975,0.12318
ECB_00976,0.123525
ECB_00977,0.041633
ECB_00978,1.77254
ECB_00979,0.815664
ECB_00980,3.74887
ECB_00982,0.18895
ECB_00983,1.71657
ECB_00995,1.32722
ECB_00996,4.13502
ECB_00997,2.98597
ECB_00998,0.983515
ECB_00999,1.81881
ECB_01000,0.612029
ECB_01001,1.03203
ECB_01002,0.192293
ECB_01003,0.939084
ECB_01005,0.282269
ECB_01006,0.83469
ECB_01009,1.33865
ECB_01010,0.140989
ECB_01011,0.341327
ECB_01012,1.22249
ECB_01013,0.404156
ECB_01014,0.388565
ECB_01015,0.288578
ECB_01016,0.201667
ECB_01017,0.280481
ECB_01018,1.99082
ECB_01020,0.50275
ECB_01021,0.603482
ECB_01030,1.92441
ECB_01031,0.0497353
ECB_01032,0.40799
ECB_01034,2.77691
ECB_01035,0.343973
ECB_01036,0.0800993
ECB_01037,0.492594
ECB_01038,0.810592
ECB_01039,3.49423
ECB_01040,1.92512
ECB_01042,0.597521
ECB_01043,1.94439
ECB_01044,0.148036
ECB_01045,0.229698
ECB_01046,0.110122
ECB_01047,0.142038
ECB_01048,1.75809
ECB_01049,0.352508
ECB_01050,0.825283
ECB_01051,0.339267
ECB_01052,0.346915
ECB_01053,1.08499
ECB_01055,1.5007
ECB_01056,8.32771
ECB_01057,0.0847815
ECB_01058,0.193207
ECB_01059,0.591647
ECB_01060,0.323851
ECB_01061,0.15598
ECB_01062,0.499448
ECB_01063,0.361016
ECB_01064,0.499543
ECB_01065,0.15469
ECB_01066,0.701856
ECB_01067,0.21389
ECB_01068,1.85021
ECB_01069,0.871776
ECB_01070,0.0999955
ECB_01071,0.204782
ECB_01072,4.63345
ECB_01073,0.453409
ECB_01074,0.132898
ECB_01075,0.121045
ECB_01076,0.304245
ECB_01077,1.70788
ECB_01078,0.546088
ECB_01079,7.6703
ECB_01080,2.24062
ECB_01082,0.101386
ECB_01083,0.369518
ECB_01084,8.26593
ECB_01085,1.23486
ECB_01086,0.672284
ECB_01087,0.2313
ECB_01088,0.338585
ECB_01089,2.29196
ECB_01090,0.443977
ECB_01091,0.332267
ECB_01092,1.65167
ECB_01093,1.86354
ECB_01094,3.21561
ECB_01095,32.6052
ECB_01096,0.158464
ECB_01097,0.583689
ECB_01098,1.94359
ECB_01099,0.73162
ECB_01100,2.8298
ECB_01101,0.0504324
ECB_01102,1.56682
ECB_01103,0.152642
ECB_01105,0.373889
ECB_01106,0.287352
ECB_01107,0.706428
ECB_01108,0.134621
ECB_01109,0.153462
ECB_01110,0.442694
ECB_01113,0.717155
ECB_01114,0.0872754
ECB_01118,0.0337496
ECB_01121,0.0821016
ECB_01122,0.0424704
ECB_01123,2.33724
ECB_01124,0.12421
ECB_01125,0.617366
ECB_01126,0.108329
ECB_01127,0.46382
ECB_01128,0.117757
ECB_01129,0.0915796
ECB_01130,0.333637
ECB_01131,0.337464
ECB_01132,0.0726615
ECB_01133,0.97027
ECB_01134,0.526171
ECB_01149,0.086469
ECB_01150,0.0602295
ECB_01151,0.34674
ECB_01152,0.572702
ECB_01153,1.24939
ECB_01154,0.251146
ECB_01155,0.270528
ECB_01156,1.70806
ECB_01158,0.127835
ECB_01160,0.449609
ECB_01161,0.098125
ECB_01162,0.0602341
ECB_01163,0.174222
ECB_01164,0.0813335
ECB_01165,3.46826
ECB_01166,0.34521
ECB_01167,1.25451
ECB_01168,5.406
ECB_01169,0.55496
ECB_01170,0.1273
ECB_01173,26.2706
ECB_01174,1.23813
ECB_01175,1.36531
ECB_01178,0.12914
ECB_01179,0.145971
ECB_01180,0.0928764
ECB_01181,0.268321
ECB_01182,2.62825
ECB_01183,2.67081
ECB_01184,0.0948413
ECB_01185,0.156266
ECB_01186,0.0441349
ECB_01187,0.610605
ECB_01188,0.418813
ECB_01189,0.214142
ECB_01190,0.132261
ECB_01194,0.316884
ECB_01195,0.104494
ECB_01196,0.657667
ECB_01197,0.116056
ECB_01198,0.984256
ECB_01200,7.21887
ECB_01204,0.189564
ECB_01208,0.192039
ECB_01209,7.55864
ECB_01210,0.122071
ECB_01211,0.189372
ECB_01212,0.166584
ECB_01213,0.885508
ECB_01214,1.10633
ECB_01215,0.132664
ECB_01216,0.468662
ECB_01217,0.716895
ECB_01218,0.0608261
ECB_01219,0.123842
ECB_01220,0.11173
ECB_01221,0.121006
ECB_01222,0.0739101
ECB_01223,0.0712507
ECB_01224,0.788901
ECB_01225,0.950157
ECB_01227,0.105472
ECB_01228,0.11188
ECB_01229,0.37512
ECB_01230,2.54443
ECB_01234,0.206756
ECB_01235,0.109904
ECB_01236,0.538343
ECB_01237,0.281705
ECB_01238,0.462745
ECB_01240,0.328606
ECB_01241,0.120024
ECB_01245,0.106377
ECB_01246,0.770774
ECB_01247,0.391273
ECB_01248,0.334457
ECB_01249,0.0718012
ECB_01250,0.187776
ECB_01251,0.126841
ECB_01253,0.916603
ECB_01254,0.734145
ECB_01255,0.620372
ECB_01256,1.91416
ECB_01257,0.0594542
ECB_01258,2.31718
ECB_01259,0.686831
ECB_01260,0.0383295
ECB_01261,0.259008
ECB_01263,1.12784
ECB_01264,4.4127
ECB_01265,0.409941
ECB_01267,0.101959
ECB_01268,0.0461704
ECB_01269,0.0690775
ECB_01270,0.110496
ECB_01271,0.798127
ECB_01272,0.705556
ECB_01280,0.154391
ECB_01281,0.551873
ECB_01282,0.219348
ECB_01283,1.34867
ECB_01284,0.046729
ECB_01285,0.844138
ECB_01298,0.0697982
ECB_01299,0.210925
ECB_01300,0.103384
ECB_01301,1.12498
ECB_01302,0.992564
ECB_01303,0.728018
ECB_01305,25.1562
ECB_01306,8.03652
ECB_01308,1.22282
ECB_01309,0.0772634
ECB_01310,0.453118
ECB_01312,0.126468
ECB_01317,0.284821
ECB_01318,1.14883
ECB_01319,0.097964
ECB_01320,1.37263
ECB_01321,1.75594
ECB_01347,0.414687
ECB_01349,0.318283
ECB_01351,1.16679
ECB_01352,0.270122
ECB_01353,1.72458
ECB_01354,0.203855
ECB_01355,0.495683
ECB_01363,1.27154
ECB_01364,0.964298
ECB_01365,0.888197
ECB_01366,1.21468
ECB_01367,1.13714
ECB_01368,0.767537
ECB_01369,0.276654
ECB_01374,0.490086
ECB_01375,1.82175
ECB_01378,0.639991
ECB_01379,0.648829
ECB_01380,1.95599
ECB_01381,0.114479
ECB_01383,4.34375
ECB_01386,0.801464
ECB_01387,1.28458
ECB_01388,0.133709
ECB_01391,1.28413
ECB_01392,0.30444
ECB_01393,3.65064
ECB_01394,0.959935
ECB_01397,0.23781
ECB_01398,0.456952
ECB_01399,0.819134
ECB_01400,0.585839
ECB_01401,0.46835
ECB_01402,0.890547
ECB_01403,0.038247
ECB_01404,0.0975937
ECB_01405,1.26362
ECB_01408,0.566291
ECB_01409,3.84003
ECB_01420,0.280936
ECB_01421,1.58663
ECB_01424,0.716979
ECB_01431,0.126734
ECB_01434,0.326865
ECB_01436,0.255351
ECB_01437,0.288727
ECB_01439,0.178781
ECB_01440,0.0899962
ECB_01449,16.0625
ECB_01450,0.4396
ECB_01452,3.82854
ECB_01453,0.710639
ECB_01454,2.01947
ECB_01455,0.450493
ECB_01456,0.200394
ECB_01457,1.03305
ECB_01459,14.2468
ECB_01477,0.260568
ECB_01478,0.196823
ECB_01480,0.296538
ECB_01481,0.0659305
ECB_01482,1.85568
ECB_01483,1.10335
ECB_01485,0.154081
ECB_01486,0.152722
ECB_01489,0.258515
ECB_01490,0.578116
ECB_01491,0.733835
ECB_01492,2.06739
ECB_01493,0.903455
ECB_01497,1.06155
ECB_01498,0.284243
ECB_01499,0.148634
ECB_01551,0.595412
ECB_01552,0.670074
ECB_01553,0.140749
ECB_01554,1.57428
ECB_01555,2.67039
ECB_01560,0.975063
ECB_01561,1.18707
ECB_01562,0.327264
ECB_01563,0.195115
ECB_01564,0.508374
ECB_01565,0.193948
ECB_01568,0.719405
ECB_01571,0.587972
ECB_01572,0.278982
ECB_01573,0.173352
ECB_01574,0.397257
ECB_01575,3.52133
ECB_01576,0.216569
ECB_01577,0.634827
ECB_01578,5.06677
ECB_01579,0.647141
ECB_01580,0.329988
ECB_01582,0.506126
ECB_01583,0.526108
ECB_01585,2.12666
ECB_01587,0.156085
ECB_01588,0.111433
ECB_01589,0.158856
ECB_01590,0.627349
ECB_01591,0.832657
ECB_01592,0.317344
ECB_01593,0.161814
ECB_01595,0.296116
ECB_01596,4.09375
ECB_01597,0.183475
ECB_01598,0.525253
ECB_01599,37.269
ECB_01600,0.587836
ECB_01601,2.00202
ECB_01602,0.392378
ECB_01603,5.78194
ECB_01604,0.324283
ECB_01605,0.781365
ECB_01606,0.121028
ECB_01608,1.00563
ECB_01609,0.401564
ECB_01610,6.00538
ECB_01611,0.104232
ECB_01612,1.69198
ECB_01613,0.291455
ECB_01614,0.700746
ECB_01615,1.83711
ECB_01616,0.296657
ECB_01617,0.112914
ECB_01619,1.25696
ECB_01620,0.4687
ECB_01621,0.223995
ECB_01622,0.307142
ECB_01624,0.0516634
ECB_01625,1.9453
ECB_01626,0.0624805
ECB_01627,0.216833
ECB_01629,0.0582669
ECB_01630,0.456535
ECB_01631,0.410273
ECB_01632,0.100717
ECB_01633,0.940235
ECB_01634,0.537913
ECB_01635,7.42161
ECB_01636,0.289516
ECB_01639,1.09103
ECB_01640,2.65423
ECB_01641,0.594175
ECB_01642,0.346589
ECB_01643,0.149802
ECB_01644,0.184743
ECB_01645,0.098449
ECB_01646,0.950618
ECB_01647,0.271503
ECB_01648,0.1578
ECB_01649,0.185907
ECB_01650,0.58182
ECB_01651,4.95194
ECB_01655,0.12486
ECB_01656,0.53296
ECB_01657,0.701625
ECB_01658,1.18478
ECB_01660,0.931257
ECB_01661,0.221944
ECB_01662,0.447872
ECB_01664,0.0820396
ECB_01671,0.332697
ECB_01672,1.16176
ECB_01673,0.34438
ECB_01674,0.881651
ECB_01675,13.7857
ECB_01677,0.788818
ECB_01678,0.179594
ECB_01679,2.14856
ECB_01680,1.87338
ECB_01681,7.87508
ECB_01682,0.266646
ECB_01683,0.106364
ECB_01685,0.200778
ECB_01686,2.14778
ECB_01688,0.202897
ECB_01691,0.136849
ECB_01692,0.243876
ECB_01693,0.138277
ECB_01694,0.0883209
ECB_01695,0.182396
ECB_01696,0.116623
ECB_01697,0.136916
ECB_01698,0.734951
ECB_01700,3.31925
ECB_01701,0.34481
ECB_01702,0.694952
ECB_01703,3.94464
ECB_01704,2.81366
ECB_01705,0.134992
ECB_01706,0.133747
ECB_01707,1.83764
ECB_01708,6.56158
ECB_01709,0.217863
ECB_01710,0.443941
ECB_01711,0.539496
ECB_01712,3.2323
ECB_01713,6.91393
ECB_01714,0.566975
ECB_01715,1.05593
ECB_01716,0.105626
ECB_01717,5.51337
ECB_01718,1.20232
ECB_01719,1.67157
ECB_01721,0.402067
ECB_01722,1.29494
ECB_01723,0.536896
ECB_01724,1.77584
ECB_01725,1.20221
ECB_01726,0.153789
ECB_01727,0.423077
ECB_01728,1.27084
ECB_01730,1.90189
ECB_01732,4.47167
ECB_01733,0.209652
ECB_01734,0.0747832
ECB_01735,0.262969
ECB_01736,0.0798963
ECB_01737,1.58048
ECB_01746,0.385002
ECB_01747,0.108431
ECB_01748,0.0899915
ECB_01749,1.21703
ECB_01750,5.42473
ECB_01751,0.307255
ECB_01752,0.0780677
ECB_01753,0.373963
ECB_01754,1.77975
ECB_01755,0.758147
ECB_01756,0.853875
ECB_01758,0.136132
ECB_01759,0.557011
ECB_01760,0.551545
ECB_01761,0.203039
ECB_01762,2.39016
ECB_01763,0.253208
ECB_01768,1.12522
ECB_01774,0.262307
ECB_01775,0.512555
ECB_01776,0.0914612
ECB_01777,0.141593
ECB_01778,0.0409856
ECB_01779,0.418752
ECB_01780,1.16325
ECB_01782,4.35489
ECB_01783,0.181536
ECB_01785,21.0412
ECB_01786,0.0823282
ECB_01787,0.972063
ECB_01788,0.0660705
ECB_01789,0.149777
ECB_01790,0.850663
ECB_01791,0.648527
ECB_01792,7.16897
ECB_01794,1.52329
ECB_01795,0.463299
ECB_01798,0.312277
ECB_01799,1.77995
ECB_01800,0.16849
ECB_01801,0.418551
ECB_01802,0.65297
ECB_01803,2.71096
ECB_01804,0.172125
ECB_01805,0.0830549
ECB_01806,1.32623
ECB_01807,0.181009
ECB_01809,0.468861
ECB_01810,0.378143
ECB_01811,8.82566
ECB_01812,1.3663
ECB_01813,0.184525
ECB_01814,0.262549
ECB_01815,0.179475
ECB_01816,3.69942
ECB_01818,0.167283
ECB_01819,0.0793121
ECB_01820,0.978197
ECB_01821,0.358275
ECB_01822,0.645964
ECB_01823,0.386592
ECB_01824,0.208697
ECB_01825,0.100661
ECB_01826,0.254673
ECB_01827,0.202679
ECB_01828,1.3258
ECB_01829,0.143178
ECB_01830,0.285799
ECB_01831,0.738115
ECB_01832,20.9121
ECB_01833,1.23498
ECB_01834,0.0331359
ECB_01835,0.0963691
ECB_01836,1.53434
ECB_01837,0.609894
ECB_01838,0.167542
ECB_01840,0.14466
ECB_01841,1.66744
ECB_01842,0.179838
ECB_01844,0.438661
ECB_01846,0.448538
ECB_01847,0.399021
ECB_01849,2.85763
ECB_01850,2.06099
ECB_01851,0.189869
ECB_01852,0.16698
ECB_01853,0.333428
ECB_01854,0.236322
ECB_01855,1.7515
ECB_01857,0.452843
ECB_01858,0.172644
ECB_01859,0.445142
ECB_01860,0.313009
ECB_01861,0.359312
ECB_01862,0.523998
ECB_01863,0.732534
ECB_01864,0.437553
ECB_01865,0.671125
ECB_01866,0.716639
ECB_01868,0.149858
ECB_01869,2.20107
ECB_01870,0.0711202
ECB_01872,0.592173
ECB_01873,0.186958
ECB_01874,0.417025
ECB_01875,0.188256
ECB_01876,0.186863
ECB_01877,0.0615709
ECB_01878,0.305565
ECB_01883,1.63224
ECB_01884,1.37312
ECB_01885,0.178923
ECB_01887,0.636972
ECB_01888,0.536807
ECB_01890,1.99977
ECB_01894,0.253778
ECB_01895,0.145335
ECB_01898,0.15684
ECB_01899,1.89966
ECB_01900,1.05731
ECB_01901,1.08784
ECB_01902,0.996637
ECB_01910,0.791066
ECB_01912,1.38747
ECB_01913,0.518013
ECB_01914,1.29803
ECB_01918,4.0875
ECB_01919,0.108041
ECB_01921,0.238585
ECB_01922,1.86883
ECB_01923,0.500491
ECB_01924,0.121011
ECB_01925,0.34021
ECB_01926,0.837426
ECB_01927,0.103162
ECB_01928,0.207906
ECB_01930,0.989488
ECB_01931,0.484892
ECB_01948,0.152158
ECB_01969,0.762146
ECB_01970,0.544461
ECB_01971,0.125223
ECB_01972,0.50991
ECB_01974,0.654053
ECB_01975,0.250776
ECB_01977,2.06784
ECB_01978,0.164045
ECB_01979,1.42039
ECB_01980,0.207805
ECB_01981,4.32162
ECB_01982,0.533511
ECB_01983,0.296934
ECB_01984,0.0570659
ECB_01985,0.109041
ECB_01986,0.111591
ECB_02014,2.16035
ECB_02015,0.310421
ECB_02018,0.206718
ECB_02019,0.503782
ECB_02020,0.629166
ECB_02024,2.94021
ECB_02025,0.0378752
ECB_02026,1.95226
ECB_02027,2.89041
ECB_02028,1.18729
ECB_02029,0.10602
ECB_02030,5.98448
ECB_02031,0.215732
ECB_02032,2.17824
ECB_02043,0.0334989
ECB_02044,0.712656
ECB_02046,2.52556
ECB_02048,1.80334
ECB_02050,0.711808
ECB_02053,0.749797
ECB_02054,0.0776582
ECB_02055,0.168106
ECB_02058,0.467742
ECB_02059,0.659725
ECB_02060,0.416571
ECB_02061,0.254765
ECB_02062,1.74843
ECB_02063,0.338442
ECB_02064,0.270943
ECB_02065,0.168632
ECB_02066,0.170705
ECB_02067,0.396951
ECB_02069,0.434862
ECB_02070,0.282252
ECB_02071,0.126836
ECB_02072,0.185839
ECB_02073,0.096091
ECB_02074,0.0876882
ECB_02075,0.8642
ECB_02076,0.142543
ECB_02077,0.0784039
ECB_02078,0.0859679
ECB_02080,0.823782
ECB_02081,0.551155
ECB_02082,0.0473947
ECB_02083,0.610147
ECB_02084,0.870063
ECB_02085,0.598047
ECB_02086,0.138853
ECB_02087,0.119633
ECB_02088,0.208919
ECB_02091,0.0839273
ECB_02092,0.413164
ECB_02094,0.176704
ECB_02095,0.507103
ECB_02096,3.43063
ECB_02097,0.0864451
ECB_02098,0.87398
ECB_02102,2.10091
ECB_02103,3.23436
ECB_02104,0.202008
ECB_02105,0.0672358
ECB_02106,0.68407
ECB_02107,0.609073
ECB_02108,0.184995
ECB_02109,0.396012
ECB_02110,0.542308
ECB_02111,0.481455
ECB_02112,3.56357
ECB_02113,0.0380881
ECB_02114,0.211495
ECB_02115,2.27563
ECB_02116,0.291458
ECB_02117,9.97653
ECB_02118,0.0797883
ECB_02120,0.326841
ECB_02121,0.345803
ECB_02123,0.776815
ECB_02124,0.058213
ECB_02125,0.111986
ECB_02126,0.0612218
ECB_02127,0.453845
ECB_02128,1.94755
ECB_02129,0.0726913
ECB_02130,0.260615
ECB_02131,0.137947
ECB_02132,0.291636
ECB_02133,0.230565
ECB_02134,0.872855
ECB_02135,1.08392
ECB_02136,0.0868242
ECB_02137,0.42314
ECB_02139,3.07921
ECB_02140,0.241339
ECB_02141,4.84778
ECB_02142,6.31686
ECB_02145,1.10585
ECB_02152,0.914974
ECB_02156,0.936313
ECB_02157,0.112918
ECB_02158,1.15295
ECB_02159,1.85194
ECB_02160,6.35288
ECB_02161,0.0688892
ECB_02162,0.161079
ECB_02163,0.302328
ECB_02165,0.163446
ECB_02166,0.402368
ECB_02167,0.671416
ECB_02168,2.64798
ECB_02169,0.305457
ECB_02170,2.58553
ECB_02175,1.05931
ECB_02177,0.217461
ECB_02178,1.73143
ECB_02179,0.711636
ECB_02180,1.31595
ECB_02182,0.496588
ECB_02183,0.688136
ECB_02184,1.76919
ECB_02186,0.881902
ECB_02187,1.458
ECB_02188,0.485551
ECB_02189,0.0641534
ECB_02190,0.566283
ECB_02191,3.74071
ECB_02192,1.26213
ECB_02193,0.0683413
ECB_02194,0.386882
ECB_02195,0.508855
ECB_02198,0.451105
ECB_02201,0.0914416
ECB_02202,0.106688
ECB_02203,18.9021
ECB_02204,0.0607338
ECB_02205,0.0621074
ECB_02206,0.0684479
ECB_02207,0.16339
ECB_02208,17.5734
ECB_02209,0.0448318
ECB_02210,0.0539005
ECB_02211,0.109628
ECB_02212,0.0794541
ECB_02213,1.11767
ECB_02214,0.213945
ECB_02215,0.109718
ECB_02216,0.128027
ECB_02217,0.363581
ECB_02218,0.172649
ECB_02219,0.151448
ECB_02221,0.208864
ECB_02222,0.155828
ECB_02223,0.41767
ECB_02224,0.0633215
ECB_02225,0.0863942
ECB_02227,1.09814
ECB_02228,0.132006
ECB_02229,1.02847
ECB_02231,0.0636727
ECB_02232,0.169643
ECB_02236,0.489135
ECB_02237,0.559614
ECB_02238,0.209815
ECB_02239,0.910132
ECB_02240,0.857042
ECB_02241,0.148804
ECB_02242,0.354134
ECB_02243,0.227905
ECB_02244,0.107798
ECB_02245,0.227016
ECB_02246,0.507835
ECB_02247,0.390117
ECB_02248,0.0487784
ECB_02249,0.703399
ECB_02250,0.147687
ECB_02251,0.313392
ECB_02252,0.0334542
ECB_02253,3.10457
ECB_02254,0.0372307
ECB_02255,1.88279
ECB_02256,0.079164
ECB_02261,0.734231
ECB_02264,4.25933
ECB_02265,0.986662
ECB_02266,1.47569
ECB_02267,0.117295
ECB_02268,1.9166
ECB_02272,0.500684
ECB_02273,0.382758
ECB_02277,0.272056
ECB_02278,0.21093
ECB_02279,0.058629
ECB_02280,0.82478
ECB_02281,0.263749
ECB_02282,0.0526928
ECB_02283,0.35497
ECB_02284,0.0842487
ECB_02285,0.109245
ECB_02287,0.609098
ECB_02288,0.386252
ECB_02289,0.0879066
ECB_02290,0.0674235
ECB_02292,0.189706
ECB_02293,6.68497
ECB_02294,0.0954463
ECB_02295,1.49974
ECB_02296,2.07567
ECB_02297,0.0383525
ECB_02298,0.124943
ECB_02299,1.22794
ECB_02301,0.0460537
ECB_02302,0.0652309
ECB_02303,1.95464
ECB_02304,0.45116
ECB_02305,0.334352
ECB_02306,0.126458
ECB_02309,0.372255
ECB_02311,0.438932
ECB_02312,1.01456
ECB_02313,0.115881
ECB_02314,0.0601529
ECB_02315,0.123533
ECB_02316,1.07265
ECB_02317,0.132588
ECB_02318,0.403403
ECB_02319,3.83985
ECB_02321,0.323259
ECB_02322,0.106351
ECB_02324,0.262778
ECB_02325,0.191948
ECB_02326,0.11349
ECB_02328,0.252463
ECB_02329,0.0595483
ECB_02331,0.117916
ECB_02332,0.363006
ECB_02333,0.621762
ECB_02334,1.35908
ECB_02335,0.286943
ECB_02336,0.111548
ECB_02337,0.0743492
ECB_02338,0.293779
ECB_02339,0.20891
ECB_02340,0.435441
ECB_02341,0.051382
ECB_02342,1.59565
ECB_02343,1.83483
ECB_02344,0.465747
ECB_02345,0.224259
ECB_02346,0.688518
ECB_02347,0.346372
ECB_02348,0.223353
ECB_02349,0.125547
ECB_02350,6.84527
ECB_02351,1.29059
ECB_02352,0.525443
ECB_02353,0.514522
ECB_02354,0.11695
ECB_02355,0.0628283
ECB_02357,0.607459
ECB_02358,0.514412
ECB_02359,1.61363
ECB_02360,0.170744
ECB_02361,3.62941
ECB_02362,0.880946
ECB_02363,0.116487
ECB_02364,1.01751
ECB_02365,0.109539
ECB_02366,3.04411
ECB_02367,0.0501284
ECB_02368,0.0639367
ECB_02369,1.54934
ECB_02370,0.803062
ECB_02371,1.41536
ECB_02372,0.169437
ECB_02385,0.267488
ECB_02386,0.283286
ECB_02387,0.307352
ECB_02388,0.228871
ECB_02389,0.735444
ECB_02390,0.0655906
ECB_02391,0.250441
ECB_02392,0.585337
ECB_02393,0.387423
ECB_02394,0.10458
ECB_02397,0.105964
ECB_02398,0.0883537
ECB_02399,0.050352
ECB_02400,0.645242
ECB_02401,1.27621
ECB_02403,0.195796
ECB_02404,2.60032
ECB_02405,1.3045
ECB_02406,0.131828
ECB_02407,0.110191
ECB_02408,2.71395
ECB_02409,0.0883836
ECB_02410,0.104769
ECB_02411,2.07439
ECB_02412,0.486744
ECB_02413,2.31828
ECB_02414,0.724427
ECB_02415,0.198545
ECB_02416,0.144199
ECB_02417,0.0877328
ECB_02418,0.153547
ECB_02419,0.209011
ECB_02420,0.0868384
ECB_02421,0.0600351
ECB_02422,0.0496668
ECB_02423,0.729898
ECB_02424,0.0723419
ECB_02425,0.13776
ECB_02426,0.266497
ECB_02427,2.10836
ECB_02428,0.368129
ECB_02435,0.1955
ECB_02436,1.77786
ECB_02437,0.0450133
ECB_02438,0.187717
ECB_02439,0.707594
ECB_02442,1.63899
ECB_02443,0.109484
ECB_02444,2.48143
ECB_02446,0.11767
ECB_02447,0.559344
ECB_02448,0.784702
ECB_02449,0.291067
ECB_02453,0.187812
ECB_02454,0.158417
ECB_02455,1.99119
ECB_02456,0.471827
ECB_02457,0.0768411
ECB_02458,0.0792807
ECB_02459,0.0682118
ECB_02460,0.0543716
ECB_02461,0.0628089
ECB_02462,0.181642
ECB_02463,0.0527687
ECB_02464,0.594851
ECB_02465,0.212509
ECB_02466,0.230801
ECB_02467,0.319423
ECB_02469,0.393306
ECB_02470,0.0548583
ECB_02471,0.895501
ECB_02473,0.342673
ECB_02474,1.97435
ECB_02475,0.11755
ECB_02476,0.0828524
ECB_02477,0.95837
ECB_02479,0.0860152
ECB_02480,8.43479
ECB_02481,0.423178
ECB_02482,0.0469686
ECB_02483,2.38991
ECB_02484,0.149537
ECB_02485,0.284437
ECB_02486,3.27458
ECB_02488,0.0963276
ECB_02489,0.304603
ECB_02490,0.438736
ECB_02491,0.448146
ECB_02492,1.16031
ECB_02493,0.433595
ECB_02494,3.61158
ECB_02495,1.42785
ECB_02496,0.885984
ECB_02497,0.0903227
ECB_02498,1.92237
ECB_02499,0.054693
ECB_02500,0.0800166
ECB_02501,1.69819
ECB_02502,0.0515984
ECB_02503,0.107443
ECB_02504,1.8454
ECB_02506,6.63092
ECB_02507,0.0934536
ECB_02508,0.152134
ECB_02515,1.25195
ECB_02516,0.361433
ECB_02517,0.678612
ECB_02518,0.283583
ECB_02519,0.215371
ECB_02520,0.0577893
ECB_02521,0.13686
ECB_02522,0.0642177
ECB_02523,1.06112
ECB_02524,1.26791
ECB_02525,0.697098
ECB_02526,0.658807
ECB_02527,0.114359
ECB_02528,0.0769831
ECB_02529,0.174248
ECB_02530,0.0992243
ECB_02531,9.36197
ECB_02532,3.33975
ECB_02533,0.220424
ECB_02534,0.241008
ECB_02535,0.18984
ECB_02537,0.36304
ECB_02538,0.698893
ECB_02539,0.0925551
ECB_02540,0.114907
ECB_02541,0.0628167
ECB_02542,0.522767
ECB_02543,0.322106
ECB_02544,0.392524
ECB_02545,0.273961
ECB_02546,1.8613
ECB_02547,0.496488
ECB_02548,0.659709
ECB_02549,0.0686697
ECB_02550,0.105785
ECB_02551,0.257915
ECB_02554,0.94827
ECB_02555,2.02926
ECB_02556,0.615044
ECB_02557,0.199042
ECB_02558,0.766054
ECB_02559,0.761208
ECB_02561,16.2118
ECB_02562,2.34142
ECB_02563,0.0523884
ECB_02564,0.977868
ECB_02565,0.621425
ECB_02566,0.707359
ECB_02567,0.0603683
ECB_02568,0.26627
ECB_02569,0.057429
ECB_02570,0.228239
ECB_02572,0.272408
ECB_02573,0.067807
ECB_02574,0.114729
ECB_02575,0.800689
ECB_02576,8.11459
ECB_02577,0.14109
ECB_02578,0.0474681
ECB_02579,0.0647225
ECB_02580,0.238827
ECB_02581,4.18496
ECB_02582,0.562073
ECB_02583,0.335555
ECB_02584,2.42579
ECB_02591,0.0962555
ECB_02592,0.168009
ECB_02594,0.289817
ECB_02595,0.714453
ECB_02596,0.174186
ECB_02597,0.205375
ECB_02598,0.345932
ECB_02599,0.417263
ECB_02600,0.732333
ECB_02601,0.19792
ECB_02602,0.100879
ECB_02603,0.0449307
ECB_02607,0.0515703
ECB_02608,0.0496817
ECB_02609,0.264945
ECB_02610,0.0610573
ECB_02611,0.827722
ECB_02612,1.22569
ECB_02613,0.316165
ECB_02615,2.39614
ECB_02617,0.150816
ECB_02618,0.144551
ECB_02619,0.352303
ECB_02620,0.34522
ECB_02622,0.0765817
ECB_02624,0.0658956
ECB_02625,0.0799186
ECB_02626,0.330634
ECB_02629,0.15198
ECB_02631,0.156302
ECB_02632,7.33331
ECB_02633,0.268817
ECB_02634,0.228229
ECB_02635,0.410497
ECB_02636,0.164316
ECB_02637,2.00096
ECB_02638,0.860561
ECB_02639,0.729764
ECB_02640,0.0996608
ECB_02641,0.192662
ECB_02643,1.51725
ECB_02644,0.312026
ECB_02653,3.43184
ECB_02654,0.393564
ECB_02655,0.0820568
ECB_02656,8.57396
ECB_02657,0.13965
ECB_02658,0.051942
ECB_02659,0.0770653
ECB_02660,0.220957
ECB_02661,0.248748
ECB_02662,0.371418
ECB_02663,0.334116
ECB_02664,6.88057
ECB_02666,0.0965964
ECB_02667,0.626177
ECB_02668,0.8771
ECB_02669,0.559223
ECB_02670,1.57234
ECB_02671,0.529965
ECB_02672,0.802425
ECB_02674,2.27163
ECB_02675,0.0854121
ECB_02676,0.0546675
ECB_02677,0.298499
ECB_02678,0.163274
ECB_02679,0.101216
ECB_02680,0.0440545
ECB_02681,0.119997
ECB_02682,0.256815
ECB_02683,0.307437
ECB_02684,0.327333
ECB_02685,0.695397
ECB_02686,0.2171
ECB_02687,1.89383
ECB_02689,0.310033
ECB_02691,0.199431
ECB_02692,0.465454
ECB_02693,0.161715
ECB_02698,0.294861
ECB_02699,1.314
ECB_02700,3.48386
ECB_02701,0.216622
ECB_02702,6.76073
ECB_02703,0.0804159
ECB_02704,0.145703
ECB_02705,0.0471576
ECB_02706,0.305627
ECB_02707,0.139122
ECB_02708,0.603547
ECB_02709,6.88435
ECB_02710,0.739364
ECB_02711,8.10055
ECB_02712,3.03255
ECB_02713,0.238305
ECB_02714,0.449884
ECB_02715,0.368523
ECB_02716,3.72004
ECB_02718,0.223089
ECB_02719,0.923995
ECB_02720,1.14459
ECB_02721,0.380274
ECB_02724,0.260215
ECB_02725,0.247109
ECB_02726,0.518975
ECB_02727,0.369557
ECB_02728,0.201742
ECB_02730,1.07801
ECB_02731,0.0725359
ECB_02732,0.478617
ECB_02733,1.51373
ECB_02735,0.389938
ECB_02736,0.0921759
ECB_02737,0.414671
ECB_02738,0.19992
ECB_02739,14.2365
ECB_02740,0.403157
ECB_02741,0.0482667
ECB_02742,0.84897
ECB_02743,6.82034
ECB_02744,0.0870626
ECB_02745,0.400395
ECB_02747,0.0482235
ECB_02753,1.08865
ECB_02754,0.183935
ECB_02755,8.29165
ECB_02756,4.28045
ECB_02757,0.339532
ECB_02758,0.109151
ECB_02759,0.770376
ECB_02760,1.02212
ECB_02762,0.319873
ECB_02766,0.765076
ECB_02767,0.0719952
ECB_02768,0.0478468
ECB_02772,0.0503483
ECB_02773,0.128795
ECB_02774,0.242439
ECB_02775,0.286634
ECB_02776,0.715112
ECB_02777,1.96243
ECB_02778,0.0940112
ECB_02779,0.18485
ECB_02780,0.831758
ECB_02781,0.389772
ECB_02782,0.0436812
ECB_02783,0.330387
ECB_02784,0.210828
ECB_02785,0.4199
ECB_02786,0.963336
ECB_02788,0.130318
ECB_02789,0.950922
ECB_02790,0.255469
ECB_02791,5.39599
ECB_02793,0.153583
ECB_02794,0.123637
ECB_02795,1.34193
ECB_02864,0.406507
ECB_02866,0.140476
ECB_02867,0.461234
ECB_02868,0.909376
ECB_02869,0.572364
ECB_02870,0.0593225
ECB_02871,0.681451
ECB_02872,0.323223
ECB_02874,1.76721
ECB_02876,0.708661
ECB_02877,0.331398
ECB_02878,0.153177
ECB_02879,0.0966091
ECB_02880,0.544583
ECB_02881,0.569994
ECB_02882,0.0754569
ECB_02883,0.44751
ECB_02884,0.161782
ECB_02885,0.683194
ECB_02886,1.26121
ECB_02887,0.229611
ECB_02888,13.1556
ECB_02889,0.114275
ECB_02890,0.0807545
ECB_02891,0.394372
ECB_02895,0.217551
ECB_02896,0.420971
ECB_02897,0.333926
ECB_02900,5.50599
ECB_02901,0.195297
ECB_02902,0.582309
ECB_02903,0.313785
ECB_02904,0.249067
ECB_02905,0.323213
ECB_02906,0.367475
ECB_02907,0.232562
ECB_02909,0.860388
ECB_02910,0.0580964
ECB_02911,0.361364
ECB_02912,0.0535577
ECB_02913,0.119518
ECB_02914,34.1326
ECB_02919,0.085139
ECB_02920,0.177891
ECB_02922,0.188953
ECB_02923,0.73384
ECB_02924,0.653444
ECB_02925,0.297956
ECB_02926,2.5367
ECB_02927,0.0660211
ECB_02928,0.072254
ECB_02929,0.0466852
ECB_02931,0.429306
ECB_02932,0.108449
ECB_02933,0.254934
ECB_02934,0.0815155
ECB_02935,1.86375
ECB_02936,0.567598
ECB_02937,0.883076
ECB_02938,2.12366
ECB_02939,1.34862
ECB_02940,0.634169
ECB_02941,0.339121
ECB_02942,0.161388
ECB_02943,0.37251
ECB_02944,2.56765
ECB_02945,0.704792
ECB_02946,0.238066
ECB_02947,0.107178
ECB_02948,0.188154
ECB_02950,3.02371
ECB_02953,1.31905
ECB_02954,0.359936
ECB_02956,0.758747
ECB_02957,7.55321
ECB_02958,0.173767
ECB_02959,0.434377
ECB_02960,0.111925
ECB_02961,0.0975206
ECB_02962,0.235064
ECB_02963,0.0741444
ECB_02964,0.0799676
ECB_02965,0.121794
ECB_02966,0.870697
ECB_02967,0.147175
ECB_02968,0.0432907
ECB_02969,0.18574
ECB_02970,0.769692
ECB_02971,0.620911
ECB_02972,2.60638
ECB_02974,0.361592
ECB_02975,5.45425
ECB_02976,0.625341
ECB_02977,0.211957
ECB_02978,0.657004
ECB_02982,0.178271
ECB_02983,0.169949
ECB_02984,0.0442424
ECB_02985,0.644362
ECB_02989,0.529351
ECB_02990,0.125925
ECB_02991,0.120324
ECB_02992,0.358074
ECB_02993,1.15887
ECB_02996,0.074238
ECB_02997,1.22318
ECB_02998,0.367699
ECB_03003,0.984881
ECB_03004,0.0999985
ECB_03005,0.565771
ECB_03007,0.122126
ECB_03013,0.195845
ECB_03014,1.08772
ECB_03016,0.760038
ECB_03017,0.122018
ECB_03018,2.02848
ECB_03019,0.331785
ECB_03020,0.375347
ECB_03021,1.22203
ECB_03022,0.745624
ECB_03023,0.0543658
ECB_03024,1.81931
ECB_03025,0.772092
ECB_03026,0.174891
ECB_03027,0.0869939
ECB_03028,0.99093
ECB_03029,2.8378
ECB_03030,8.74178
ECB_03031,0.139055
ECB_03032,8.51114
ECB_03033,0.0595429
ECB_03034,0.0579558
ECB_03035,17.1195
ECB_03036,4.3365
ECB_03037,0.137476
ECB_03038,0.371938
ECB_03040,0.385021
ECB_03041,0.145629
ECB_03042,0.035864
ECB_03043,0.39131
ECB_03044,0.545404
ECB_03045,1.64138
ECB_03046,0.413449
ECB_03047,0.1327
ECB_03048,0.127392
ECB_03049,0.958779
ECB_03050,2.40965
ECB_03051,1.90116
ECB_03052,0.311303
ECB_03053,0.658606
ECB_03054,0.129934
ECB_03056,0.270378
ECB_03058,0.0456528
ECB_03059,0.0880652
ECB_03060,0.0651228
ECB_03062,0.342375
ECB_03063,0.319545
ECB_03064,0.875136
ECB_03065,0.124284
ECB_03066,0.0755486
ECB_03067,0.184887
ECB_03068,1.18181
ECB_03069,0.591034
ECB_03070,0.0766432
ECB_03071,0.0738298
ECB_03072,0.276138
ECB_03073,0.191012
ECB_03074,0.73497
ECB_03075,0.254887
ECB_03076,0.818673
ECB_03078,0.954147
ECB_03081,9.15154
ECB_03082,0.443517
ECB_03083,0.47365
ECB_03084,1.31772
ECB_03085,0.041032
ECB_03086,1.1401
ECB_03088,0.32504
ECB_03089,0.10051
ECB_03090,0.465472
ECB_03091,2.8838
ECB_03092,2.91231
ECB_03093,0.0922494
ECB_03094,0.380525
ECB_03095,0.0888154
ECB_03096,0.624297
ECB_03097,0.383736
ECB_03098,0.794251
ECB_03099,0.33634
ECB_03100,0.4122
ECB_03101,0.123843
ECB_03102,0.802413
ECB_03103,0.0384272
ECB_03104,0.183057
ECB_03105,2.75567
ECB_03106,0.0557144
ECB_03107,1.44009
ECB_03108,0.223773
ECB_03109,0.578729
ECB_03110,0.0802633
ECB_03111,2.0168
ECB_03112,0.447291
ECB_03113,1.13352
ECB_03114,0.203023
ECB_03115,0.863363
ECB_03116,0.535122
ECB_03117,0.0772213
ECB_03118,0.142534
ECB_03119,0.230639
ECB_03120,4.13591
ECB_03121,0.119454
ECB_03122,0.622561
ECB_03123,0.299578
ECB_03125,0.123944
ECB_03129,0.369535
ECB_03130,7.08766
ECB_03131,0.176905
ECB_03132,0.505519
ECB_03133,2.54477
ECB_03135,0.302883
ECB_03137,0.26715
ECB_03138,1.0746
ECB_03139,0.448991
ECB_03140,0.315529
ECB_03141,0.0842102
ECB_03143,0.0628644
ECB_03144,0.184569
ECB_03145,0.218102
ECB_03146,1.02747
ECB_03147,3.79705
ECB_03148,0.25232
ECB_03149,1.77475
ECB_03151,0.131099
ECB_03152,2.25077
ECB_03153,1.5099
ECB_03154,0.389949
ECB_03155,1.20756
ECB_03156,0.250763
ECB_03157,0.788033
ECB_03158,2.36831
ECB_03159,1.82811
ECB_03160,8.3567
ECB_03161,7.18587
ECB_03162,1.79657
ECB_03163,1.97941
ECB_03164,0.41376
ECB_03165,0.561585
ECB_03166,1.73745
ECB_03167,0.204077
ECB_03168,0.250801
ECB_03169,0.55616
ECB_03170,0.788507
ECB_03171,0.220549
ECB_03172,0.552977
ECB_03187,0.498851
ECB_03191,1.58333
ECB_03192,1.2228
ECB_03193,3.7584
ECB_03194,1.25033
ECB_03195,15.5379
ECB_03196,12.8183
ECB_03197,0.374112
ECB_03198,0.526852
ECB_03200,0.104537
ECB_03203,0.506656
ECB_03204,3.32035
ECB_03205,0.4064
ECB_03206,0.12612
ECB_03207,4.08081
ECB_03208,0.11418
ECB_03209,0.210293
ECB_03210,2.3579
ECB_03211,0.323595
ECB_03212,0.387232
ECB_03214,0.400272
ECB_03215,0.296923
ECB_03216,0.108165
ECB_03217,0.0797646
ECB_03218,0.188842
ECB_03219,0.161393
ECB_03220,0.0609521
ECB_03236,0.0998546
ECB_03237,0.17177
ECB_03238,0.0363344
ECB_03239,0.360843
ECB_03241,1.3485
ECB_03242,2.87944
ECB_03243,0.663845
ECB_03246,0.810661
ECB_03247,1.88569
ECB_03248,1.75097
ECB_03249,0.299817
ECB_03250,0.974653
ECB_03251,0.187926
ECB_03252,1.512
ECB_03253,0.130775
ECB_03254,2.48676
ECB_03255,0.0738931
ECB_03256,1.296
ECB_03257,0.153568
ECB_03258,0.318956
ECB_03259,0.346757
ECB_03260,0.622214
ECB_03261,0.420021
ECB_03262,0.0925539
ECB_03263,0.968252
ECB_03264,2.76602
ECB_03265,0.494406
ECB_03266,0.0292097
ECB_03267,0.0547108
ECB_03268,6.0646
ECB_03269,0.485323
ECB_03270,0.104633
ECB_03271,1.32341
ECB_03272,0.367724
ECB_03273,0.843998
ECB_03274,4.33873
ECB_03275,0.163533
ECB_03276,0.0934133
ECB_03277,0.646234
ECB_03280,0.199305
ECB_03281,0.0794921
ECB_03282,0.526802
ECB_03283,0.337374
ECB_03284,0.246721
ECB_03285,0.619807
ECB_03286,0.0500911
ECB_03287,0.0664914
ECB_03288,0.0650619
ECB_03289,0.0607661
ECB_03290,0.103382
ECB_03291,1.38293
ECB_03292,0.351906
ECB_03296,0.324932
ECB_03297,0.109819
ECB_03298,0.401342
ECB_03299,1.0897
ECB_03300,0.0748264
ECB_03301,0.217861
ECB_03302,0.171502
ECB_03303,0.0398553
ECB_03304,0.0666401
ECB_03305,0.542099
ECB_03306,0.0380073
ECB_03308,2.14103
ECB_03310,0.0406437
ECB_03311,0.0455648
ECB_03312,0.117584
ECB_03313,1.00086
ECB_03314,0.26768
ECB_03316,0.192987
ECB_03317,0.0602338
ECB_03318,1.97927
ECB_03319,0.314913
ECB_03320,0.0445746
ECB_03321,0.927708
ECB_03322,1.7892
ECB_03323,0.476818
ECB_03324,0.379214
ECB_03325,0.184917
ECB_03326,0.0804632
ECB_03327,0.0871911
ECB_03328,0.542268
ECB_03329,0.635439
ECB_03330,0.0659569
ECB_03335,0.274677
ECB_03336,0.837617
ECB_03337,0.429281
ECB_03341,1.1677
ECB_03343,0.159278
ECB_03344,0.0440761
ECB_03345,21.1137
ECB_03346,0.228917
ECB_03347,0.302651
ECB_03348,0.112744
ECB_03349,0.0534616
ECB_03352,0.383795
ECB_03355,6.45394
ECB_03356,0.192305
ECB_03357,1.23369
ECB_03358,2.03005
ECB_03359,0.282432
ECB_03360,0.162085
ECB_03361,0.16233
ECB_03363,0.468103
ECB_03364,4.44504
ECB_03367,0.219708
ECB_03368,0.272395
ECB_03369,4.78143
ECB_03370,0.569087
ECB_03371,0.315461
ECB_03372,0.276511
ECB_03373,3.6275
ECB_03374,1.59562
ECB_03375,0.366458
ECB_03376,0.852366
ECB_03377,0.706632
ECB_03390,2.49158
ECB_03391,0.402879
ECB_03392,1.72779
ECB_03393,0.0340428
ECB_03394,0.131192
ECB_03395,0.132123
ECB_03396,1.07576
ECB_03397,0.17167
ECB_03398,0.581458
ECB_03400,1.00019
ECB_03401,2.09774
ECB_03402,0.101471
ECB_03403,0.315913
ECB_03404,1.57512
ECB_03405,0.215936
ECB_03410,0.204134
ECB_03411,0.200158
ECB_03412,0.224005
ECB_03413,8.26883
ECB_03414,0.104514
ECB_03415,0.863739
ECB_03416,0.336684
ECB_03417,1.20488
ECB_03418,0.362026
ECB_03420,0.096132
ECB_03421,0.0884397
ECB_03422,0.206001
ECB_03423,10.7636
ECB_03424,0.124387
ECB_03425,14.2464
ECB_03443,0.0531119
ECB_03444,0.11469
ECB_03445,0.593775
ECB_03446,0.937049
ECB_03447,0.194715
ECB_03454,0.482914
ECB_03455,0.0994374
ECB_03456,0.182784
ECB_03458,0.02829
ECB_03461,0.0387375
ECB_03462,0.168344
ECB_03463,1.7727
ECB_03464,0.220746
ECB_03465,0.0259104
ECB_03466,0.0626144
ECB_03467,0.196824
ECB_03468,0.117766
ECB_03469,0.0760778
ECB_03470,0.210145
ECB_03471,0.659545
ECB_03472,0.643557
ECB_03473,0.877545
ECB_03474,0.0442025
ECB_03475,0.155925
ECB_03476,0.0544904
ECB_03477,0.611846
ECB_03478,5.08747
ECB_03487,0.41687
ECB_03488,0.18081
ECB_03489,0.720694
ECB_03490,0.0841034
ECB_03491,2.0758
ECB_03492,0.980827
ECB_03493,0.272045
ECB_03494,0.292546
ECB_03495,0.319308
ECB_03496,0.960715
ECB_03497,0.964748
ECB_03498,0.611685
ECB_03499,0.192113
ECB_03500,0.128428
ECB_03501,0.215405
ECB_03503,0.0361844
ECB_03504,1.08363
ECB_03505,1.72197
ECB_03506,0.339367
ECB_03507,0.0940906
ECB_03508,0.0816543
ECB_03509,0.157763
ECB_03511,0.134469
ECB_03512,0.12604
ECB_03513,2.17155
ECB_03515,0.213688
ECB_03543,0.819085
ECB_03544,1.54902
ECB_03545,2.05276
ECB_03546,0.25045
ECB_03547,0.32608
ECB_03550,0.0898236
ECB_03551,1.37887
ECB_03552,0.771996
ECB_03553,0.0314179
ECB_03554,0.0342173
ECB_03555,0.322592
ECB_03557,0.482658
ECB_03558,0.843055
ECB_03559,0.403082
ECB_03560,0.510767
ECB_03568,0.180395
ECB_03569,0.0642329
ECB_03570,0.099664
ECB_03571,0.396482
ECB_03572,0.839486
ECB_03573,1.13364
ECB_03580,0.0898422
ECB_03581,0.205398
ECB_03582,0.105073
ECB_03583,0.116039
ECB_03584,4.9479
ECB_03585,0.131402
ECB_03587,8.38356
ECB_03589,0.587436
ECB_03590,0.0618755
ECB_03592,0.0738218
ECB_03594,0.799287
ECB_03595,1.17528
ECB_03596,3.64553
ECB_03597,0.31674
ECB_03599,0.367317
ECB_03608,2.15322
ECB_03609,0.0524009
ECB_03610,0.10453
ECB_03611,0.0561186
ECB_03612,4.60653
ECB_03613,0.187474
ECB_03614,0.0689248
ECB_03615,8.50073
ECB_03616,0.72381
ECB_03617,9.86896
ECB_03618,0.0730455
ECB_03619,0.084133
ECB_03620,0.145488
ECB_03621,1.42245
ECB_03622,0.470952
ECB_03625,0.149691
ECB_03626,0.354174
ECB_03627,0.0610589
ECB_03628,0.195126
ECB_03629,0.291761
ECB_03630,2.91353
ECB_03631,0.310272
ECB_03635,0.188832
ECB_03637,0.218454
ECB_03638,0.294633
ECB_03639,16.3765
ECB_03640,0.245125
ECB_03641,0.409741
ECB_03642,0.214631
ECB_03643,0.0939895
ECB_03644,1.02841
ECB_03648,0.13735
ECB_03649,0.186882
ECB_03650,0.214649
ECB_03651,1.96994
ECB_03652,0.0884977
ECB_03653,0.0357987
ECB_03656,1.00583
ECB_03658,0.241468
ECB_03659,1.54483
ECB_03661,0.467925
ECB_03662,0.133687
ECB_03663,1.07262
ECB_03664,0.994478
ECB_03665,0.219766
ECB_03668,2.34718
ECB_03669,0.141109
ECB_03670,3.84677
ECB_03671,1.22811
ECB_03672,0.138605
ECB_03673,0.56352
ECB_03674,0.253431
ECB_03675,1.93102
ECB_03677,0.110315
ECB_03678,2.98354
ECB_03679,0.479689
ECB_03680,0.842612
ECB_03681,0.522107
ECB_03682,0.0645743
ECB_03684,0.556145
ECB_03685,0.0485552
ECB_03686,0.0792835
ECB_03687,0.327516
ECB_03688,0.104687
ECB_03689,0.146227
ECB_03691,4.84575
ECB_03692,0.0335357
ECB_03699,0.11718
ECB_03700,0.188865
ECB_03701,0.131071
ECB_03702,0.0534953
ECB_03703,0.190607
ECB_03704,0.173309
ECB_03705,0.0826101
ECB_03706,0.412518
ECB_03708,0.801877
ECB_03717,6.13277
ECB_03718,0.148946
ECB_03725,0.246449
ECB_03726,0.47957
ECB_03727,0.737433
ECB_03728,0.211849
ECB_03729,0.214281
ECB_03730,0.33024
ECB_03731,0.293818
ECB_03732,0.547074
ECB_03733,0.0508266
ECB_03734,0.859617
ECB_03735,0.0688867
ECB_03736,2.20119
ECB_03737,0.675448
ECB_03738,0.0786906
ECB_03739,1.08889
ECB_03740,0.271079
ECB_03741,0.085482
ECB_03742,0.836573
ECB_03743,1.2228
ECB_03744,0.0586813
ECB_03745,0.196235
ECB_03746,0.100149
ECB_03749,3.20467
ECB_03750,0.324837
ECB_03751,0.378673
ECB_03752,0.937212
ECB_03753,0.334549
ECB_03754,0.614598
ECB_03755,0.0430927
ECB_03756,0.0827612
ECB_03757,1.55754
ECB_03759,0.372861
ECB_03767,0.448281
ECB_03769,1.53328
ECB_03770,0.841505
ECB_03771,0.0568452
ECB_03772,0.0774556
ECB_03774,0.792025
ECB_03776,0.298205
ECB_03777,2.53947
ECB_03780,0.729686
ECB_03787,0.0620126
ECB_03788,1.13377
ECB_03789,0.327217
ECB_03790,3.58277
ECB_03792,1.75232
ECB_03794,2.54713
ECB_03795,3.06232
ECB_03796,1.89614
ECB_03797,10.2578
ECB_03798,9.17125
ECB_03799,6.83567
ECB_03800,0.320537
ECB_03801,0.0560708
ECB_03802,0.315407
ECB_03803,0.241524
ECB_03804,0.0480302
ECB_03805,1.60953
ECB_03806,0.18347
ECB_03807,0.630505
ECB_03808,5.55647
ECB_03809,0.182369
ECB_03810,0.21805
ECB_03811,0.0471277
ECB_03812,0.263895
ECB_03813,0.141822
ECB_03814,0.117728
ECB_03815,0.14257
ECB_03816,0.245004
ECB_03817,0.0699227
ECB_03818,0.623715
ECB_03819,0.981674
ECB_03820,0.642452
ECB_03821,0.329201
ECB_03823,0.426926
ECB_03825,0.449765
ECB_03826,0.277804
ECB_03827,0.0881298
ECB_03828,0.303761
ECB_03829,0.946343
ECB_03830,0.808227
ECB_03831,0.0745733
ECB_03835,0.0272283
ECB_03836,0.457534
ECB_03837,0.674145
ECB_03838,0.071989
ECB_03839,0.365366
ECB_03841,0.109328
ECB_03842,6.85466
ECB_03843,0.877067
ECB_03844,11.0675
ECB_03845,0.716347
ECB_03846,0.041383
ECB_03847,0.386286
ECB_03848,0.386868
ECB_03849,0.0902029
ECB_03850,0.119069
ECB_03852,1.05026
ECB_03853,1.02468
ECB_03854,0.519355
ECB_03855,0.115153
ECB_03857,2.13063
ECB_03858,0.363366
ECB_03859,0.202918
ECB_03860,0.120559
ECB_03861,1.3
ECB_03862,0.637562
ECB_03863,0.186352
ECB_03864,0.356707
ECB_03866,1.5909
ECB_03867,0.840745
ECB_03868,0.388621
ECB_03869,4.3675
ECB_03870,1.82741
ECB_03871,1.01407
ECB_03872,0.732957
ECB_03873,1.5827
ECB_03874,0.1058
ECB_03875,0.0650452
ECB_03876,0.478197
ECB_03877,0.376381
ECB_03878,0.190749
ECB_03879,0.850369
ECB_03880,0.836407
ECB_03881,5.54041
ECB_03882,1.29725
ECB_03883,0.290073
ECB_03885,0.36506
ECB_03886,0.38116
ECB_03887,0.0607537
ECB_03888,0.324865
ECB_03890,0.16477
ECB_03891,2.81458
ECB_03892,0.402943
ECB_03893,0.0676018
ECB_03894,0.20019
ECB_03895,0.0750627
ECB_03896,1.60736
ECB_03897,0.396823
ECB_03899,0.609439
ECB_03900,0.500514
ECB_03901,0.255197
ECB_03902,0.293391
ECB_03906,0.369792
ECB_03907,0.270701
ECB_03908,9.71576
ECB_03909,0.342524
ECB_03911,4.10695
ECB_03912,0.0805242
ECB_03915,0.0778941
ECB_03916,1.74707
ECB_03917,1.06054
ECB_03918,0.332129
ECB_03921,4.09895
ECB_03923,0.234791
ECB_03925,0.474296
ECB_03926,1.08992
ECB_03928,0.305759
ECB_03929,0.037699
ECB_03930,0.160162
ECB_03932,0.188427
ECB_03934,0.0410843
ECB_03935,0.105568
ECB_03937,1.14042
ECB_03939,0.042807
ECB_03940,0.165549
ECB_03941,0.254511
ECB_03942,0.871637
ECB_03943,0.535472
ECB_03944,0.267191
ECB_03945,0.4768
ECB_03946,1.52802
ECB_03947,0.762159
ECB_03948,0.627548
ECB_03949,0.276478
ECB_03950,0.137022
ECB_03951,NA
ECB_03952,0.528404
ECB_03953,0.724878
ECB_03954,0.752086
ECB_03955,0.437955
ECB_03964,14.2649
ECB_03965,0.540614
ECB_03966,0.227327
ECB_03967,1.71045
ECB_03968,0.34772
ECB_03969,0.327006
ECB_03970,0.164487
ECB_03971,0.595264
ECB_03972,0.874804
ECB_03973,0.153969
ECB_03974,0.218001
ECB_03976,0.281414
ECB_03977,0.407394
ECB_03978,0.54284
ECB_03979,1.3219
ECB_03980,4.32208
ECB_03981,6.64934
ECB_03982,0.203839
ECB_03983,2.4753
ECB_03984,0.228873
ECB_03985,0.194678
ECB_03986,0.1583
ECB_03987,0.156124
ECB_03988,0.746485
ECB_03989,2.00537
ECB_03990,4.03245
ECB_03992,0.547871
ECB_03994,0.0690701
ECB_03995,0.0425977
ECB_03997,1.24156
ECB_03998,0.386425
ECB_04006,1.25901
ECB_04007,1.14739
ECB_04008,0.115473
ECB_04009,0.0926132
ECB_04010,0.103045
ECB_04011,0.199639
ECB_04012,0.269787
ECB_04013,0.228986
ECB_04014,0.579584
ECB_04015,1.08089
ECB_04016,2.6932
ECB_04017,0.0611908
ECB_04021,0.166837
ECB_04022,2.97623
ECB_04023,0.278176
ECB_04024,13.0747
ECB_04025,0.0789734
ECB_04026,1.18131
ECB_04027,0.0661168
ECB_04028,2.4972
ECB_04029,0.113384
ECB_04030,0.109106
ECB_04031,1.18757
ECB_04032,0.137232
ECB_04033,0.612752
ECB_04034,6.80748
ECB_04035,0.140086
ECB_04036,0.373924
ECB_04037,0.451486
ECB_04038,1.7423
ECB_04039,1.38858
ECB_04040,0.188311
ECB_04041,0.151399
ECB_04042,0.0715262
ECB_04043,7.60147
ECB_04044,0.0618103
ECB_04045,0.802592
ECB_04046,0.136413
ECB_04047,0.0440114
ECB_04048,0.675427
ECB_04049,0.417773
ECB_04050,0.56052
ECB_04051,0.0364152
ECB_04052,0.63794
ECB_04053,0.237267
ECB_04054,0.736337
ECB_04055,0.230677
ECB_04056,1.04232
ECB_04057,1.91927
ECB_04058,0.108836
ECB_04059,0.0387539
ECB_04060,0.0393522
ECB_04061,0.0992327
ECB_04063,0.396654
ECB_04064,0.144773
ECB_04065,0.0799495
ECB_04066,0.602602
ECB_04069,1.13182
ECB_04070,0.157917
ECB_04078,1.88174
ECB_04079,0.0759437
ECB_04080,2.50436
ECB_04081,0.0654388
ECB_04082,0.783633
ECB_04083,0.783721
ECB_04084,0.132974
ECB_04085,0.199964
ECB_04086,0.104776
ECB_04087,0.56176
ECB_04088,0.495295
ECB_04089,0.0957351
ECB_04090,0.160672
ECB_04091,0.343891
ECB_04092,0.25999
ECB_04095,0.192607
ECB_04096,0.0693404
ECB_04097,1.92401
ECB_04098,0.225041
ECB_04100,0.168461
ECB_04101,0.522716
ECB_04102,0.0529402
ECB_04103,0.148478
ECB_04105,0.391885
ECB_04106,0.0697285
ECB_04107,1.41369
ECB_04109,0.202826
ECB_04110,0.199225
ECB_04112,0.0364939
ECB_04113,0.0592687
ECB_04118,0.765145
ECB_04121,0.284783
ECB_04122,0.905603
ECB_04124,0.244467
ECB_04125,0.456759
ECB_04126,0.0398372
ECB_04127,0.254388
ECB_04128,0.0500778
ECB_04129,0.389788
ECB_04135,0.522276
ECB_04176,2.3078
ECB_04177,1.51604
ECB_04178,0.190146
ECB_04182,0.471934
ECB_04183,1.99564
ECB_04184,3.54009
ECB_04185,0.480244
ECB_04186,0.995901
ECB_04187,0.33223
ECB_04188,1.25652
ECB_04189,0.361016
ECB_04191,0.432684
ECB_04192,0.151096
ECB_04193,1.10541
ECB_04195,0.59002
ECB_04197,0.40786
ECB_04198,0.0719234
ECB_04199,0.261136
ECB_04201,0.945399
ECB_04203,2.01154
ECB_04204,0.394775
ECB_04205,0.495775
ECB_04218,0.140688
ECB_04220,0.457075
ECB_04232,1.21518
ECB_04235,1.3751
ECB_04236,2.22632
ECB_04237,0.182889
ECB_04238,0.116907
ECB_04239,0.395921
ECB_04240,0.0396284
ECB_04241,1.15363
ECB_04242,0.278391
ECB_04243,0.590275
ECB_04244,2.04095
ECB_04245,7.76428
ECB_04246,0.425362
ECB_04247,0.292979
ECB_04248,0.166462
ECB_04249,0.747933
ECB_04250,0.189133
ECB_04251,0.0811629
ECB_04253,0.119272
ECB_04254,1.34493
ECB_04255,0.652047
ECB_04257,0.0480389
ECB_04259,0.889572
ECB_04260,0.0724115
ECB_04264,0.092913
ECB_04265,0.0456605
ECB_04266,0.18863
ECB_04267,2.02464
ECB_04268,0.591246
ECB_04269,2.68978
ECB_04270,0.284579
ECB_04271,0.500698
ECB_04272,0.0727708
ECB_04273,0.056807
ECB_04274,2.00265
ECB_04275,1.29121
ECB_04277,0.415888
