locus_tag,thetaS
ECB_00002,0.0647762
ECB_00003,0.0470201
ECB_00006,0.0335065
ECB_00007,0.0471395
ECB_00008,0.022082
ECB_00009,0.0262147
ECB_00010,0.0345291
ECB_00013,0.0575652
ECB_00014,0.0205923
ECB_00015,0.037807
ECB_00018,0.114912
ECB_00019,0.211176
ECB_00027,0.00322052
ECB_00029,0.0448504
ECB_00030,0.0798589
ECB_00031,0.0269111
ECB_00032,0.0412638
ECB_00033,0.10694
ECB_00034,0.183034
ECB_00035,0.0509737
ECB_00036,0.0657241
ECB_00037,0.0915227
ECB_00038,0.0223463
ECB_00039,0.0346972
ECB_00040,0.0326458
ECB_00041,0.0472424
ECB_00043,0.0330919
ECB_00044,0.0339182
ECB_00045,0.035299
ECB_00046,0.0412732
ECB_00047,0.0579714
ECB_00048,0.0346507
ECB_00049,0.0545182
ECB_00050,0.0436337
ECB_00051,0.0618549
ECB_00052,0.0517427
ECB_00053,0.046249
ECB_00054,0.000557523
ECB_00055,0.024031
ECB_00056,0.0314806
ECB_00058,0.0827695
ECB_00059,0.0361294
ECB_00060,0.0476093
ECB_00061,0.0525981
ECB_00062,0.0968117
ECB_00064,0.0897434
ECB_00065,0.0537921
ECB_00066,0.0661083
ECB_00067,0.0889579
ECB_00068,0.117323
ECB_00069,0.0972881
ECB_00070,0.144813
ECB_00071,0.102856
ECB_00073,0.101925
ECB_00074,0.097117
ECB_00075,0.085485
ECB_00076,0.0848278
ECB_00078,0.0586121
ECB_00079,0.0851976
ECB_00080,0.0549728
ECB_00081,0.036207
ECB_00082,0.00682192
ECB_00083,0.0201977
ECB_00084,0.00735589
ECB_00085,0.0374008
ECB_00086,0.069262
ECB_00087,0.0461786
ECB_00088,0.0503505
ECB_00089,0.0809063
ECB_00090,0.0458713
ECB_00091,0.0371152
ECB_00092,0.0331235
ECB_00093,0.0323711
ECB_00094,0.0103279
ECB_00095,0.0166957
ECB_00096,0.0157075
ECB_00097,0.00958883
ECB_00098,0.0242208
ECB_00099,0.0396826
ECB_00100,0.0343642
ECB_00102,0.0212049
ECB_00103,0.00965236
ECB_00104,0.0288986
ECB_00105,0.0534763
ECB_00106,0.0464364
ECB_00107,0.018365
ECB_00108,0.034361
ECB_00109,0.019252
ECB_00110,0.018441
ECB_00111,0.0759594
ECB_00112,0.0170953
ECB_00113,0.0294641
ECB_00114,0.0390998
ECB_00115,0.030935
ECB_00116,0.109997
ECB_00117,0.0804711
ECB_00118,0.0962572
ECB_00119,0.0281639
ECB_00120,0.0340339
ECB_00122,0.070355
ECB_00123,0.0879545
ECB_00124,0.0175415
ECB_00125,0.0270903
ECB_00126,0.0393201
ECB_00127,0.0533779
ECB_00128,0.121001
ECB_00129,0.0665997
ECB_00130,0.0319201
ECB_00131,0.124052
ECB_00132,0.172954
ECB_00133,0.250728
ECB_00141,0.296455
ECB_00142,0.0724108
ECB_00143,0.106296
ECB_00144,0.00915602
ECB_00145,0.0189459
ECB_00146,0.0462921
ECB_00147,0.0742293
ECB_00148,0.0931325
ECB_00149,0.345274
ECB_00150,0.070201
ECB_00151,0.11442
ECB_00152,0.110213
ECB_00153,0.0473014
ECB_00154,0.0552914
ECB_00155,0.0155227
ECB_00156,0.0164768
ECB_00158,0.0132415
ECB_00159,0.0394123
ECB_00160,0.0516158
ECB_00161,0.0496121
ECB_00162,0.041682
ECB_00164,0.0874409
ECB_00165,0.083471
ECB_00166,0.0324998
ECB_00167,0.000661069
ECB_00168,0.00670916
ECB_00169,0.0113753
ECB_00170,0.00342644
ECB_00171,0.00309198
ECB_00172,0.00723873
ECB_00173,0.0127206
ECB_00174,0.00961078
ECB_00175,0.0339967
ECB_00176,0.0289737
ECB_00177,0.0225084
ECB_00178,0.00915499
ECB_00179,0.0149673
ECB_00180,0.0747602
ECB_00181,0.0524281
ECB_00182,0.0408762
ECB_00183,0.045728
ECB_00185,0.0335165
ECB_00186,0.116471
ECB_00187,0.0341607
ECB_00188,0.000179449
ECB_00189,0.0469957
ECB_00190,0.0749725
ECB_00191,0.160669
ECB_00193,0.0486755
ECB_00194,0.0478311
ECB_00195,0.0194577
ECB_00196,0.0299473
ECB_00197,0.0434903
ECB_00198,0.0437445
ECB_00199,0.0303079
ECB_00200,0.0389807
ECB_00201,0.0290617
ECB_00202,0.0471731
ECB_00203,0.0429965
ECB_00204,0.0270841
ECB_00205,0.0214243
ECB_00206,0.0431024
ECB_00207,0.0772229
ECB_00208,0.0507433
ECB_00214,0.0524939
ECB_00215,0.0355754
ECB_00216,0.0713634
ECB_00217,0.0760887
ECB_00218,0.075483
ECB_00219,0.05428
ECB_00222,0.182051
ECB_00226,0.118029
ECB_00229,0.0723986
ECB_00232,0.0582622
ECB_00233,0.0241551
ECB_00234,0.0426116
ECB_00235,0.0516561
ECB_00238,0.0893243
ECB_00239,0.0577306
ECB_00240,0.107613
ECB_00258,0.0275346
ECB_00260,0.0216465
ECB_00261,0.028121
ECB_00262,0.0123461
ECB_00263,0.0222559
ECB_00264,0.0587719
ECB_00267,0.134531
ECB_00268,0.0844731
ECB_00269,0.0688442
ECB_00270,0.0435361
ECB_00271,0.0918814
ECB_00274,0.072502
ECB_00275,0.0503296
ECB_00276,0.112149
ECB_00277,0.113138
ECB_00278,0.116433
ECB_00279,0.0883855
ECB_00280,0.0305257
ECB_00284,0.0718947
ECB_00285,0.0902251
ECB_00286,0.106276
ECB_00287,0.100116
ECB_00288,0.0698688
ECB_00289,0.0771252
ECB_00290,0.0449256
ECB_00291,0.0651918
ECB_00297,0.0238402
ECB_00298,0.0597857
ECB_00308,0.0842519
ECB_00309,0.0439395
ECB_00310,0.0600144
ECB_00311,0.0183652
ECB_00315,0.123116
ECB_00316,0.115502
ECB_00318,0.132954
ECB_00319,0.0780262
ECB_00322,0.0524254
ECB_00323,0.0632685
ECB_00324,0.045778
ECB_00325,0.0397017
ECB_00326,0.0180911
ECB_00328,0.0406958
ECB_00329,0.0238243
ECB_00330,0.0693779
ECB_00331,0.0511518
ECB_00332,0.0376564
ECB_00333,0.0250861
ECB_00334,0.0417913
ECB_00335,0.0245349
ECB_00336,0.012343
ECB_00337,0.0611527
ECB_00338,0.0132924
ECB_00342,0.0294793
ECB_00343,0.0419642
ECB_00344,0.0550636
ECB_00345,0.0543014
ECB_00346,0.0344245
ECB_00347,0.0320249
ECB_00348,0.0403634
ECB_00349,0.0340864
ECB_00350,0.042586
ECB_00353,0.0703934
ECB_00354,0.0284116
ECB_00355,0.0131238
ECB_00356,0.0328087
ECB_00357,0.023701
ECB_00358,0.0611324
ECB_00359,0.0548868
ECB_00361,0.00954994
ECB_00362,0.0990195
ECB_00363,0.00604844
ECB_00364,0.0120755
ECB_00365,0.0275507
ECB_00366,0.138567
ECB_00367,0.108354
ECB_00368,0.0811912
ECB_00369,0.0583679
ECB_00370,0.0150657
ECB_00372,0.0969789
ECB_00373,0.0478017
ECB_00374,0.0601683
ECB_00375,0.0568175
ECB_00379,0.0525657
ECB_00380,0.0441455
ECB_00381,0.0176226
ECB_00382,0.0235638
ECB_00383,0.0122513
ECB_00384,0.0453317
ECB_00385,0.0235889
ECB_00386,3.97707e-11
ECB_00387,0.0167726
ECB_00388,0.0297434
ECB_00389,0.0469689
ECB_00391,0.0318901
ECB_00392,0.00307581
ECB_00393,0.0328064
ECB_00394,0.0314629
ECB_00395,0.0597382
ECB_00396,0.0454218
ECB_00397,0.0412519
ECB_00398,0.0181886
ECB_00399,0.0187469
ECB_00400,0.0496301
ECB_00401,0.0575972
ECB_00403,0.0671421
ECB_00404,0.0369666
ECB_00405,0.0693967
ECB_00406,0.0528177
ECB_00407,0.0491154
ECB_00408,0.0268749
ECB_00409,0.0263024
ECB_00410,0.0181862
ECB_00411,0.0225966
ECB_00412,0.0154334
ECB_00415,0.0098377
ECB_00416,0.062493
ECB_00417,0.0881107
ECB_00418,0.0982879
ECB_00419,0.0176351
ECB_00420,0.0204672
ECB_00421,0.0352063
ECB_00422,0.017795
ECB_00423,0.0241566
ECB_00424,0.0314875
ECB_00425,0.061934
ECB_00426,0.0636791
ECB_00427,0.0419791
ECB_00428,0.0496923
ECB_00429,0.0539032
ECB_00430,0.0434278
ECB_00431,0.0632897
ECB_00432,0.0343895
ECB_00433,0.0520065
ECB_00435,0.0876598
ECB_00436,0.038021
ECB_00437,0.0395424
ECB_00438,0.13421
ECB_00439,0.0607799
ECB_00440,0.0657736
ECB_00441,0.0355919
ECB_00442,0.0352388
ECB_00443,0.0501033
ECB_00444,0.0417992
ECB_00445,0.0144803
ECB_00447,0.0715779
ECB_00453,0.0662671
ECB_00454,0.048906
ECB_00455,0.0403364
ECB_00456,0.0357044
ECB_00458,0.0481902
ECB_00459,0.0851106
ECB_00461,0.079344
ECB_00464,0.090103
ECB_00465,0.0599781
ECB_00466,0.0659142
ECB_00467,0.0477454
ECB_00468,0.0693018
ECB_00470,0.0710299
ECB_00471,0.076242
ECB_00472,0.0741416
ECB_00473,0.0342319
ECB_00474,0.0780876
ECB_00475,0.0242367
ECB_00476,0.0779181
ECB_00477,0.0415995
ECB_00479,0.0465902
ECB_00531,0.111182
ECB_00532,0.0782446
ECB_00533,0.0656563
ECB_00534,0.0910152
ECB_00535,0.0403154
ECB_00536,0.0565713
ECB_00537,0.049804
ECB_00538,0.0362002
ECB_00539,0.0374194
ECB_00540,0.0314538
ECB_00541,0.0196837
ECB_00542,0.0755126
ECB_00549,0.105081
ECB_00550,0.0945497
ECB_00551,0.0512727
ECB_00552,0.0281379
ECB_00553,0.0964299
ECB_00554,0.0811193
ECB_00555,0.102478
ECB_00556,0.0899028
ECB_00557,0.0892799
ECB_00558,0.0939722
ECB_00559,0.0665345
ECB_00560,0.0513728
ECB_00561,0.0955199
ECB_00562,0.0430221
ECB_00563,0.0815601
ECB_00564,0.0815612
ECB_00567,0.094267
ECB_00568,0.108179
ECB_00573,0.0796865
ECB_00574,0.000570567
ECB_00575,0.0390174
ECB_00576,0.111104
ECB_00578,0.00580266
ECB_00579,0.032538
ECB_00580,0.0953278
ECB_00581,0.0430957
ECB_00582,0.0187509
ECB_00583,0.043696
ECB_00584,0.0384417
ECB_00585,0.00253568
ECB_00586,0.0167268
ECB_00589,0.0415075
ECB_00590,0.0273425
ECB_00591,0.03651
ECB_00594,0.0387175
ECB_00596,0.00435034
ECB_00597,0.0275069
ECB_00599,0.0229679
ECB_00600,0.000274579
ECB_00601,0.0312661
ECB_00602,0.044112
ECB_00603,0.0306033
ECB_00604,0.0375175
ECB_00605,0.00444373
ECB_00606,0.011399
ECB_00607,0.0701892
ECB_00608,0.02803
ECB_00609,0.0350769
ECB_00610,0.0664442
ECB_00611,0.0480652
ECB_00612,0.0416816
ECB_00617,0.0580632
ECB_00621,0.114935
ECB_00622,0.0856346
ECB_00623,0.075938
ECB_00625,0.0736851
ECB_00626,0.0266441
ECB_00627,0.0180062
ECB_00628,0.0585433
ECB_00629,0.04983
ECB_00630,0.115523
ECB_00631,0.08878
ECB_00632,0.0874337
ECB_00633,0.062964
ECB_00634,0.0455097
ECB_00635,0.035374
ECB_00636,0.074179
ECB_00637,0.0518326
ECB_00639,0.063914
ECB_00640,0.0251574
ECB_00641,0.0503195
ECB_00642,0.020213
ECB_00643,0.0607217
ECB_00644,0.00926953
ECB_00645,0.0676077
ECB_00651,0.108169
ECB_00653,0.0760095
ECB_00654,0.0870749
ECB_00655,0.0879031
ECB_00657,0.03928
ECB_00667,0.105416
ECB_00668,0.132635
ECB_00669,0.0798589
ECB_00670,0.0301044
ECB_00672,0.0583952
ECB_00673,0.0559175
ECB_00674,0.0558444
ECB_00675,0.136316
ECB_00680,0.0471054
ECB_00681,0.00375395
ECB_00682,0.0185121
ECB_00683,0.0769764
ECB_00684,0.0156226
ECB_00685,0.033249
ECB_00686,0.0329759
ECB_00687,0.0265284
ECB_00688,0.0631291
ECB_00692,0.0216326
ECB_00693,0.0223436
ECB_00695,0.029447
ECB_00696,0.00376927
ECB_00697,0.0463443
ECB_00698,0.00981191
ECB_00699,0.0298133
ECB_00701,0.00790589
ECB_00702,0.0125097
ECB_00703,0.0291314
ECB_00704,0.0288456
ECB_00706,0.054341
ECB_00707,0.0743172
ECB_00708,0.0468507
ECB_00725,0.0528869
ECB_00740,0.0508358
ECB_00741,0.0692469
ECB_00742,0.0929074
ECB_00743,0.0826964
ECB_00744,0.0764864
ECB_00745,0.0737671
ECB_00746,0.0809772
ECB_00747,0.105948
ECB_00748,0.0654618
ECB_00749,0.0503049
ECB_00750,0.0301536
ECB_00751,0.0313439
ECB_00752,0.0684293
ECB_00753,0.105105
ECB_00755,0.0969043
ECB_00756,0.0749502
ECB_00757,0.0370644
ECB_00758,0.0301633
ECB_00759,0.0554863
ECB_00760,0.0645466
ECB_00761,0.0773247
ECB_00762,0.065534
ECB_00763,0.0604117
ECB_00764,0.082459
ECB_00766,0.0831137
ECB_00767,0.0439799
ECB_00768,0.0469165
ECB_00769,0.0482768
ECB_00770,0.064459
ECB_00771,0.0501633
ECB_00772,0.0588514
ECB_00774,0.0578765
ECB_00775,0.0628993
ECB_00776,0.0390013
ECB_00777,0.0319907
ECB_00778,0.0166926
ECB_00779,0.00742488
ECB_00780,0.0225451
ECB_00781,0.014602
ECB_00782,0.0301841
ECB_00784,0.0226166
ECB_00785,0.0692808
ECB_00786,0.0460291
ECB_00787,0.0586364
ECB_00789,0.0371094
ECB_00791,0.0696741
ECB_00793,0.12077
ECB_00794,0.0722344
ECB_00796,0.0329772
ECB_00797,0.0473235
ECB_00798,0.0286462
ECB_00799,0.0468423
ECB_00800,0.0596554
ECB_00801,0.0647482
ECB_00802,0.0208033
ECB_00803,0.00334934
ECB_00805,0.0146111
ECB_00806,0.0322499
ECB_00807,0.0442035
ECB_00808,0.033956
ECB_00809,0.0428148
ECB_00810,0.00315001
ECB_00811,0.0283719
ECB_00813,0.0276102
ECB_00852,0.0347098
ECB_00853,0.0441612
ECB_00854,0.00809614
ECB_00855,0.0138328
ECB_00856,0.0239574
ECB_00857,0.01498
ECB_00858,0.0126859
ECB_00859,0.119663
ECB_00860,0.0946578
ECB_00861,0.0888288
ECB_00862,0.0810562
ECB_00863,0.0305516
ECB_00864,0.128772
ECB_00866,0.0790811
ECB_00867,0.0497124
ECB_00868,0.0915048
ECB_00869,0.0144878
ECB_00870,0.220275
ECB_00871,0.118662
ECB_00872,0.0533436
ECB_00873,0.0476889
ECB_00874,0.0981446
ECB_00875,0.0794194
ECB_00876,0.108714
ECB_00877,0.0494089
ECB_00878,0.0618993
ECB_00879,0.0521767
ECB_00880,0.0623035
ECB_00881,0.0585711
ECB_00882,0.0334584
ECB_00883,0.0261302
ECB_00884,0.0442563
ECB_00885,0.00406682
ECB_00886,0.00223689
ECB_00887,0.0468089
ECB_00888,1.36737e-18
ECB_00889,0.0388794
ECB_00890,0.0443196
ECB_00891,0.0418691
ECB_00892,0.0481319
ECB_00893,0.0078092
ECB_00895,0.0116965
ECB_00896,0.0487836
ECB_00897,0.0414
ECB_00898,0.0431137
ECB_00900,0.0622889
ECB_00901,0.046798
ECB_00902,0.0334272
ECB_00906,0.0545364
ECB_00908,0.0327654
ECB_00909,0.0915424
ECB_00910,0.0662654
ECB_00911,0.0848138
ECB_00912,0.0734605
ECB_00913,0.0802803
ECB_00914,0.0222929
ECB_00915,0.00384838
ECB_00916,0.000348203
ECB_00918,0.0402692
ECB_00919,0.0305907
ECB_00920,0.0374377
ECB_00921,0.0282224
ECB_00922,0.0579913
ECB_00923,0.0256699
ECB_00924,0.0492056
ECB_00925,0.0177042
ECB_00926,0.0422029
ECB_00927,0.0351678
ECB_00928,0.0681417
ECB_00929,0.0268396
ECB_00930,0.0198576
ECB_00931,0.0351971
ECB_00932,0.0408867
ECB_00933,0.0788256
ECB_00934,0.0294117
ECB_00936,0.0860707
ECB_00937,0.104788
ECB_00938,0.0633208
ECB_00939,0.109484
ECB_00940,0.154401
ECB_00941,0.128465
ECB_00949,0.0433256
ECB_00950,0.0587365
ECB_00951,0.0477049
ECB_00952,0.0478597
ECB_00953,0.0664128
ECB_00954,0.0295796
ECB_00955,0.0175287
ECB_00956,0.0392494
ECB_00958,0.0201415
ECB_00959,0.0201571
ECB_00960,0.0250361
ECB_00961,0.0312969
ECB_00962,0.0092216
ECB_00964,0.0249645
ECB_00965,0.0115274
ECB_00966,0.0236574
ECB_00967,0.0255269
ECB_00968,0.0209078
ECB_00969,0.0598095
ECB_00970,0.00433394
ECB_00971,0.0499491
ECB_00973,0.0539106
ECB_00974,0.0356948
ECB_00975,0.0387676
ECB_00976,0.0579349
ECB_00977,0.075882
ECB_00978,0.101412
ECB_00979,0.0481699
ECB_00980,0.0344238
ECB_00982,0.053552
ECB_00983,0.0419129
ECB_00995,0.0334518
ECB_00996,0.0586909
ECB_00997,0.0554658
ECB_00998,0.0537962
ECB_00999,0.0553794
ECB_01000,0.0500383
ECB_01001,0.0572929
ECB_01002,0.0388077
ECB_01003,0.0211555
ECB_01005,0.0666199
ECB_01006,0.0112011
ECB_01009,0.0651782
ECB_01010,0.0527002
ECB_01011,0.0545633
ECB_01012,0.0271142
ECB_01013,0.0388294
ECB_01014,0.0451135
ECB_01015,0.0481041
ECB_01016,0.0552127
ECB_01017,0.0715218
ECB_01018,0.0825815
ECB_01020,0.0544985
ECB_01021,0.106562
ECB_01030,0.0366845
ECB_01031,0.060982
ECB_01032,0.0418446
ECB_01034,0.0645919
ECB_01035,0.0274386
ECB_01036,0.0143985
ECB_01037,0.019134
ECB_01038,0.00932972
ECB_01039,0.137523
ECB_01040,0.0142622
ECB_01042,0.0284149
ECB_01043,0.0515841
ECB_01044,0.0440008
ECB_01045,0.0221771
ECB_01046,0.0399022
ECB_01047,0.0490938
ECB_01048,0.0204312
ECB_01049,0.03951
ECB_01050,0.0154034
ECB_01051,0.0467345
ECB_01052,0.0353509
ECB_01053,0.0183653
ECB_01055,0.0458434
ECB_01056,0.000379723
ECB_01057,0.0163396
ECB_01058,0.0686943
ECB_01059,0.0239763
ECB_01060,0.0123706
ECB_01061,0.0384995
ECB_01062,0.00682958
ECB_01063,0.0532644
ECB_01064,0.0526321
ECB_01065,0.0392227
ECB_01066,0.0347091
ECB_01067,0.0462341
ECB_01068,0.0438146
ECB_01069,0.0107969
ECB_01070,0.0363676
ECB_01071,0.0561986
ECB_01072,0.0538144
ECB_01073,0.0617485
ECB_01074,0.0286643
ECB_01075,0.0315386
ECB_01076,0.0745884
ECB_01077,0.0488341
ECB_01078,0.0389444
ECB_01079,0.071216
ECB_01080,0.0434651
ECB_01082,0.042864
ECB_01083,0.0189935
ECB_01084,0.000750594
ECB_01085,2.05898e-09
ECB_01086,0.00899198
ECB_01087,0.0242512
ECB_01088,0.0226166
ECB_01089,0.00342321
ECB_01090,0.000654305
ECB_01091,0.00995964
ECB_01092,0.0234332
ECB_01093,0.0278403
ECB_01094,0.0589176
ECB_01095,0.030431
ECB_01096,0.0223895
ECB_01097,0.00795808
ECB_01098,0.0276916
ECB_01099,0.0319414
ECB_01100,0.00374389
ECB_01101,0.0369874
ECB_01102,0.0154545
ECB_01103,0.0776141
ECB_01105,0.050445
ECB_01106,0.0311447
ECB_01107,0.0351733
ECB_01108,0.0294858
ECB_01109,0.0454314
ECB_01110,0.0635533
ECB_01113,0.0822708
ECB_01114,0.0656445
ECB_01118,0.112541
ECB_01121,0.0679917
ECB_01122,0.0458504
ECB_01123,0.0519363
ECB_01124,0.0324238
ECB_01125,0.0312227
ECB_01126,0.0558811
ECB_01127,0.0275666
ECB_01128,0.0401674
ECB_01129,0.0467529
ECB_01130,0.0377611
ECB_01131,0.0425039
ECB_01132,0.0682233
ECB_01133,0.0744169
ECB_01134,0.063665
ECB_01149,0.0171446
ECB_01150,0.01777
ECB_01151,0.0142336
ECB_01152,0.0229278
ECB_01153,0.0220651
ECB_01154,0.0207212
ECB_01155,0.0313858
ECB_01156,0.0153773
ECB_01158,0.0319996
ECB_01160,0.0242307
ECB_01161,0.0811704
ECB_01162,0.0320746
ECB_01163,0.0363199
ECB_01164,0.0438842
ECB_01165,0.0449074
ECB_01166,0.0689704
ECB_01167,0.0379762
ECB_01168,0.0231318
ECB_01169,0.0353128
ECB_01170,0.0444509
ECB_01173,0.029291
ECB_01174,0.0304982
ECB_01175,0.0316881
ECB_01178,0.0346831
ECB_01179,0.0277148
ECB_01180,0.009512
ECB_01181,0.0549372
ECB_01182,0.00542127
ECB_01183,0.0357513
ECB_01184,0.0521147
ECB_01185,0.114035
ECB_01186,0.0404395
ECB_01187,0.0404273
ECB_01188,0.0421404
ECB_01189,0.0223896
ECB_01190,0.0421961
ECB_01194,0.028556
ECB_01195,0.0346335
ECB_01196,0.0239681
ECB_01197,0.0285942
ECB_01198,0.0418251
ECB_01200,0.0225604
ECB_01204,0.0667217
ECB_01208,0.0486114
ECB_01209,0.0154649
ECB_01210,0.0299682
ECB_01211,0.0264403
ECB_01212,0.0272043
ECB_01213,0.00611132
ECB_01214,0.0173479
ECB_01215,0.0227321
ECB_01216,0.019198
ECB_01217,0.023484
ECB_01218,0.049709
ECB_01219,0.0292471
ECB_01220,0.0396926
ECB_01221,0.0472913
ECB_01222,0.0124749
ECB_01223,0.0453709
ECB_01224,0.028619
ECB_01225,0.0145926
ECB_01227,0.0374124
ECB_01228,0.027497
ECB_01229,0.0278133
ECB_01230,0.0582591
ECB_01234,0.0870765
ECB_01235,0.0823926
ECB_01236,0.0555869
ECB_01237,0.092524
ECB_01238,0.0982496
ECB_01240,0.036038
ECB_01241,0.0672956
ECB_01245,0.0994814
ECB_01246,0.12007
ECB_01247,0.0435409
ECB_01248,0.0528671
ECB_01249,0.0191665
ECB_01250,0.0393366
ECB_01251,0.0432427
ECB_01253,0.048581
ECB_01254,0.0103135
ECB_01255,0.0319358
ECB_01256,0.0207754
ECB_01257,0.0509524
ECB_01258,0.0315628
ECB_01259,0.0286184
ECB_01260,0.0629796
ECB_01261,0.0494097
ECB_01263,0.0291993
ECB_01264,0.0429328
ECB_01265,0.0172195
ECB_01267,0.0429254
ECB_01268,0.0382273
ECB_01269,0.0490776
ECB_01270,0.0351821
ECB_01271,0.0443442
ECB_01272,0.0234115
ECB_01280,0.0834886
ECB_01281,0.0491162
ECB_01282,0.00321002
ECB_01283,0.0288037
ECB_01284,0.0454025
ECB_01285,0.0265918
ECB_01298,0.119463
ECB_01299,0.0836005
ECB_01300,0.0459797
ECB_01301,0.00587694
ECB_01302,0.0354523
ECB_01303,0.0482841
ECB_01305,0.0198782
ECB_01306,0.0192095
ECB_01308,0.0406748
ECB_01309,0.0145295
ECB_01310,0.024498
ECB_01312,0.0698581
ECB_01317,0.0321273
ECB_01318,0.0409577
ECB_01319,0.0370523
ECB_01320,0.0433814
ECB_01321,0.044297
ECB_01347,0.0103692
ECB_01349,0.0613992
ECB_01351,0.0147383
ECB_01352,0.0210592
ECB_01353,0.0686657
ECB_01354,0.255356
ECB_01355,0.364393
ECB_01363,0.10614
ECB_01364,0.0723642
ECB_01365,0.0548099
ECB_01366,0.0537624
ECB_01367,0.0837977
ECB_01368,0.113271
ECB_01369,0.0441054
ECB_01374,0.0698211
ECB_01375,0.0233697
ECB_01378,0.0409009
ECB_01379,0.0193505
ECB_01380,0.0369541
ECB_01381,0.0395386
ECB_01383,0.00533526
ECB_01386,0.0278027
ECB_01387,0.0442743
ECB_01388,0.0410051
ECB_01391,0.0305872
ECB_01392,0.038394
ECB_01393,0.0530382
ECB_01394,0.00731669
ECB_01397,0.0538693
ECB_01398,0.0713662
ECB_01399,0.0617215
ECB_01400,0.0467155
ECB_01401,0.0611538
ECB_01402,0.0126411
ECB_01403,0.0508349
ECB_01404,0.0743836
ECB_01405,0.0818614
ECB_01408,0.0877703
ECB_01409,0.0411606
ECB_01420,0.15866
ECB_01421,0.060265
ECB_01424,0.0763389
ECB_01431,0.051715
ECB_01434,0.0394622
ECB_01436,0.0814514
ECB_01437,0.068776
ECB_01439,0.0202853
ECB_01440,0.059557
ECB_01449,0.0483342
ECB_01450,0.0287877
ECB_01452,0.0308508
ECB_01453,0.0349853
ECB_01454,0.0316261
ECB_01455,0.0288074
ECB_01456,0.0357794
ECB_01457,0.0252488
ECB_01459,0.0445926
ECB_01477,0.0538721
ECB_01478,0.0537621
ECB_01480,0.0833704
ECB_01481,0.0526349
ECB_01482,0.0537814
ECB_01483,0.0705292
ECB_01485,0.0488788
ECB_01486,0.0602255
ECB_01489,0.0310296
ECB_01490,0.0323918
ECB_01491,0.0916638
ECB_01492,0.153896
ECB_01493,0.0816764
ECB_01497,0.049304
ECB_01498,0.0206883
ECB_01499,0.0226106
ECB_01551,0.0382125
ECB_01552,0.0215197
ECB_01553,0.0283989
ECB_01554,0.0461532
ECB_01555,0.0200353
ECB_01560,0.0252946
ECB_01561,0.0345822
ECB_01562,0.0135035
ECB_01563,0.0396294
ECB_01564,0.0430509
ECB_01565,0.0420502
ECB_01568,0.00701874
ECB_01571,0.0341737
ECB_01572,0.0297114
ECB_01573,0.0280964
ECB_01574,0.0245512
ECB_01575,0.0423491
ECB_01576,0.0297913
ECB_01577,0.0218567
ECB_01578,0.0387111
ECB_01579,0.0589239
ECB_01580,0.0610717
ECB_01582,0.0487997
ECB_01583,0.0424534
ECB_01585,0.0362968
ECB_01587,0.0269201
ECB_01588,0.0576423
ECB_01589,0.0432312
ECB_01590,0.0441729
ECB_01591,0.0643927
ECB_01592,0.028318
ECB_01593,0.0477417
ECB_01595,0.0236659
ECB_01596,0.0149863
ECB_01597,0.0307259
ECB_01598,0.0182204
ECB_01599,0.055553
ECB_01600,0.0282266
ECB_01601,0.0317041
ECB_01602,0.0238499
ECB_01603,0.0386549
ECB_01604,0.0294528
ECB_01605,0.02726
ECB_01606,0.0358523
ECB_01608,0.0364146
ECB_01609,0.0875678
ECB_01610,0.0402499
ECB_01611,0.0412651
ECB_01612,0.010514
ECB_01613,0.0170067
ECB_01614,0.0259856
ECB_01615,0.0399628
ECB_01616,0.023364
ECB_01617,0.041795
ECB_01619,0.0367418
ECB_01620,0.052272
ECB_01621,0.0209151
ECB_01622,0.0316371
ECB_01624,0.0267877
ECB_01625,0.0225738
ECB_01626,0.0217249
ECB_01627,0.0337993
ECB_01629,0.0529319
ECB_01630,0.0401682
ECB_01631,0.0345425
ECB_01632,0.0416024
ECB_01633,0.0334038
ECB_01634,0.0381372
ECB_01635,0.0436283
ECB_01636,0.052598
ECB_01639,0.0290092
ECB_01640,0.0391274
ECB_01641,0.0386552
ECB_01642,0.0509351
ECB_01643,0.0357696
ECB_01644,0.00123436
ECB_01645,0.0148201
ECB_01646,1.04551e-08
ECB_01647,0.0527816
ECB_01648,0.0700875
ECB_01649,0.0704253
ECB_01650,0.057795
ECB_01651,0.0503718
ECB_01655,0.0522073
ECB_01656,0.0617094
ECB_01657,0.036809
ECB_01658,0.028288
ECB_01660,0.0276352
ECB_01661,0.0463132
ECB_01662,0.0285474
ECB_01664,0.058392
ECB_01671,0.0428926
ECB_01672,0.0470547
ECB_01673,0.0324301
ECB_01674,0.00851595
ECB_01675,0.03514
ECB_01677,0.0267411
ECB_01678,0.0399507
ECB_01679,0.0496963
ECB_01680,0.0237189
ECB_01681,0.000157099
ECB_01682,0.0533022
ECB_01683,0.0485093
ECB_01685,0.00193317
ECB_01686,3.12734e-37
ECB_01688,0.0223274
ECB_01691,0.0311809
ECB_01692,0.0433685
ECB_01693,0.0277299
ECB_01694,0.0391892
ECB_01695,0.0308062
ECB_01696,0.0465519
ECB_01697,0.0358059
ECB_01698,0.0439978
ECB_01700,0.0427414
ECB_01701,0.0814863
ECB_01702,0.117407
ECB_01703,0.0459536
ECB_01704,0.0229265
ECB_01705,0.031497
ECB_01706,0.0410522
ECB_01707,8.54979e-27
ECB_01708,0.000829632
ECB_01709,0.0476993
ECB_01710,0.0564012
ECB_01711,0.0459058
ECB_01712,0.0115554
ECB_01713,0.0476282
ECB_01714,0.0876302
ECB_01715,0.0915535
ECB_01716,0.0487776
ECB_01717,0.0491743
ECB_01718,0.0621245
ECB_01719,0.0346288
ECB_01721,0.0619897
ECB_01722,0.0477819
ECB_01723,0.0763339
ECB_01724,0.0643483
ECB_01725,0.140097
ECB_01726,0.0757
ECB_01727,0.0910024
ECB_01728,0.0246502
ECB_01730,0.0521586
ECB_01732,0.0967747
ECB_01733,0.0632172
ECB_01734,0.069645
ECB_01735,0.0412149
ECB_01736,0.0700937
ECB_01737,0.0379912
ECB_01746,0.0416549
ECB_01747,0.0486611
ECB_01748,0.00951231
ECB_01749,0.053457
ECB_01750,0.058082
ECB_01751,0.0183081
ECB_01752,0.0352509
ECB_01753,0.0487886
ECB_01754,0.0296051
ECB_01755,0.0268131
ECB_01756,0.0250844
ECB_01758,0.0468975
ECB_01759,0.0389573
ECB_01760,0.0442582
ECB_01761,0.0345927
ECB_01762,0.0248558
ECB_01763,0.0589601
ECB_01768,0.0245495
ECB_01774,0.0442715
ECB_01775,0.0936942
ECB_01776,0.0575475
ECB_01777,0.122048
ECB_01778,0.0966402
ECB_01779,0.0617214
ECB_01780,0.0557815
ECB_01782,0.0343727
ECB_01783,0.0458533
ECB_01785,0.0241119
ECB_01786,0.0218841
ECB_01787,0.0147628
ECB_01788,0.0174034
ECB_01789,0.0303683
ECB_01790,0.0272874
ECB_01791,0.0206508
ECB_01792,0.029269
ECB_01794,1.11891e-21
ECB_01795,0.0249732
ECB_01798,0.030418
ECB_01799,0.0413752
ECB_01800,0.0286295
ECB_01801,0.0435513
ECB_01802,0.0127701
ECB_01803,0.0266707
ECB_01804,0.0594299
ECB_01805,0.0743793
ECB_01806,0.067668
ECB_01807,0.0192769
ECB_01809,0.0338775
ECB_01810,0.0427239
ECB_01811,0.0259392
ECB_01812,0.0416453
ECB_01813,0.0173775
ECB_01814,0.0313675
ECB_01815,0.0376235
ECB_01816,0.061408
ECB_01818,0.0229282
ECB_01819,0.0130367
ECB_01820,0.0511195
ECB_01821,0.0163478
ECB_01822,0.031395
ECB_01823,0.0306406
ECB_01824,0.022131
ECB_01825,0.0373443
ECB_01826,0.0236802
ECB_01827,0.0206529
ECB_01828,0.0230756
ECB_01829,0.0435821
ECB_01830,0.0620411
ECB_01831,0.0586613
ECB_01832,0.0355308
ECB_01833,0.0651136
ECB_01834,0.103008
ECB_01835,0.0500417
ECB_01836,0.035006
ECB_01837,0.0451546
ECB_01838,0.113233
ECB_01840,0.0282875
ECB_01841,0.0299439
ECB_01842,0.114134
ECB_01844,0.0573799
ECB_01846,0.0425906
ECB_01847,0.0496296
ECB_01849,0.105016
ECB_01850,0.0792106
ECB_01851,0.0547712
ECB_01852,0.0189073
ECB_01853,0.0170914
ECB_01854,0.0562305
ECB_01855,0.0369136
ECB_01857,0.0350181
ECB_01858,0.0199476
ECB_01859,0.0377263
ECB_01860,0.0457717
ECB_01861,0.0201346
ECB_01862,0.0132837
ECB_01863,0.0072347
ECB_01864,0.0239871
ECB_01865,0.0361033
ECB_01866,0.036417
ECB_01868,0.0348627
ECB_01869,0.0446804
ECB_01870,0.0401626
ECB_01872,0.0329906
ECB_01873,0.0197773
ECB_01874,0.0476104
ECB_01875,0.0516183
ECB_01876,0.0388238
ECB_01877,0.0277787
ECB_01878,0.042709
ECB_01883,0.0581059
ECB_01884,0.0402027
ECB_01885,0.0399494
ECB_01887,0.0414245
ECB_01888,0.0452003
ECB_01890,0.0135652
ECB_01894,0.0543464
ECB_01895,0.0371684
ECB_01898,0.0527771
ECB_01899,0.0561202
ECB_01900,0.0428073
ECB_01901,0.0368854
ECB_01902,0.0317604
ECB_01910,0.00784431
ECB_01912,0.035923
ECB_01913,0.0449067
ECB_01914,0.103248
ECB_01918,0.0755887
ECB_01919,0.0376378
ECB_01921,0.0756122
ECB_01922,0.148695
ECB_01923,0.28979
ECB_01924,0.341295
ECB_01925,0.314321
ECB_01926,0.370923
ECB_01927,0.250602
ECB_01928,0.395639
ECB_01930,0.74001
ECB_01931,0.503646
ECB_01948,0.783004
ECB_01969,0.0809185
ECB_01970,0.0545116
ECB_01971,0.0361187
ECB_01972,0.0297096
ECB_01974,0.0561763
ECB_01975,0.0853929
ECB_01977,0.140802
ECB_01978,0.0998342
ECB_01979,0.0863519
ECB_01980,0.10216
ECB_01981,0.114287
ECB_01982,0.0707298
ECB_01983,0.172708
ECB_01984,0.0695271
ECB_01985,0.0492574
ECB_01986,0.0629985
ECB_02014,0.0502732
ECB_02015,0.0385821
ECB_02018,0.0512423
ECB_02019,0.0343425
ECB_02020,0.016111
ECB_02024,0.0320174
ECB_02025,0.0600752
ECB_02026,0.044133
ECB_02027,0.0648734
ECB_02028,0.0355163
ECB_02029,0.0330422
ECB_02030,0.0981883
ECB_02031,0.0392795
ECB_02032,0.0844429
ECB_02043,0.0812966
ECB_02044,0.0984085
ECB_02046,0.143937
ECB_02048,0.0837769
ECB_02050,0.108007
ECB_02053,0.0155737
ECB_02054,0.0443107
ECB_02055,0.0400114
ECB_02058,0.0494801
ECB_02059,0.0976615
ECB_02060,0.058498
ECB_02061,0.11875
ECB_02062,0.0767415
ECB_02063,0.0572203
ECB_02064,0.0328878
ECB_02065,0.0529875
ECB_02066,0.0465214
ECB_02067,0.0798389
ECB_02069,0.0699643
ECB_02070,0.0209855
ECB_02071,0.047339
ECB_02072,0.0291177
ECB_02073,0.0123434
ECB_02074,0.0134596
ECB_02075,0.0694236
ECB_02076,0.0635194
ECB_02077,0.0675306
ECB_02078,0.061572
ECB_02080,0.0230289
ECB_02081,0.0590985
ECB_02082,0.0478555
ECB_02083,0.0709719
ECB_02084,0.0253681
ECB_02085,0.0211565
ECB_02086,0.0337045
ECB_02087,0.0110819
ECB_02088,0.0316149
ECB_02091,0.11446
ECB_02092,0.0710622
ECB_02094,0.200079
ECB_02095,0.255977
ECB_02096,0.0427523
ECB_02097,0.0146419
ECB_02098,0.0362346
ECB_02102,0.0385549
ECB_02103,0.0342366
ECB_02104,0.0257611
ECB_02105,0.018697
ECB_02106,0.0570658
ECB_02107,0.0482234
ECB_02108,0.0437308
ECB_02109,0.0663611
ECB_02110,0.0299411
ECB_02111,0.0205908
ECB_02112,0.0642265
ECB_02113,0.052543
ECB_02114,0.0730789
ECB_02115,0.00669478
ECB_02116,0.0452847
ECB_02117,0.0001099
ECB_02118,0.0333187
ECB_02120,0.0405053
ECB_02121,0.0782278
ECB_02123,0.0588823
ECB_02124,0.0721686
ECB_02125,0.00950649
ECB_02126,0.0245527
ECB_02127,0.0385967
ECB_02128,0.0232085
ECB_02129,0.0212938
ECB_02130,0.0221639
ECB_02131,0.0435401
ECB_02132,0.024143
ECB_02133,0.0556205
ECB_02134,0.00628097
ECB_02135,0.0115348
ECB_02136,0.0413651
ECB_02137,0.0521206
ECB_02139,0.0555031
ECB_02140,0.0869249
ECB_02141,0.0915736
ECB_02142,0.124931
ECB_02145,0.0298012
ECB_02152,0.0764903
ECB_02156,0.0670404
ECB_02157,0.0620506
ECB_02158,0.105546
ECB_02159,0.231513
ECB_02160,0.0567023
ECB_02161,0.0866907
ECB_02162,0.0822532
ECB_02163,0.0310607
ECB_02165,0.0672612
ECB_02166,0.0672996
ECB_02167,0.0691342
ECB_02168,0.120068
ECB_02169,0.0647116
ECB_02170,0.0633825
ECB_02175,0.0680743
ECB_02177,0.0359275
ECB_02178,0.0501602
ECB_02179,0.0368726
ECB_02180,0.0464737
ECB_02182,0.056179
ECB_02183,0.0380027
ECB_02184,0.0201146
ECB_02186,0.0222958
ECB_02187,0.0807819
ECB_02188,0.0837999
ECB_02189,0.0643649
ECB_02190,0.0560254
ECB_02191,0.0705931
ECB_02192,0.0600042
ECB_02193,0.0208978
ECB_02194,0.198208
ECB_02195,0.0589346
ECB_02198,0.133302
ECB_02201,0.050183
ECB_02202,0.0454381
ECB_02203,0.0333151
ECB_02204,0.0275179
ECB_02205,0.031855
ECB_02206,0.0200406
ECB_02207,0.024661
ECB_02208,0.0614246
ECB_02209,0.0932221
ECB_02210,0.0916213
ECB_02211,0.0477446
ECB_02212,0.0142477
ECB_02213,0.0048255
ECB_02214,0.0298237
ECB_02215,0.0356318
ECB_02216,0.0267279
ECB_02217,0.039286
ECB_02218,0.0377261
ECB_02219,0.0153243
ECB_02221,0.00300101
ECB_02222,0.0283586
ECB_02223,0.0403007
ECB_02224,0.0221
ECB_02225,0.0140318
ECB_02227,0.0465798
ECB_02228,0.00444127
ECB_02229,0.0604033
ECB_02231,0.111999
ECB_02232,0.0795824
ECB_02236,0.0720216
ECB_02237,0.0469618
ECB_02238,0.0258671
ECB_02239,0.0463311
ECB_02240,0.0211126
ECB_02241,0.0230543
ECB_02242,0.149569
ECB_02243,0.0321573
ECB_02244,0.0561593
ECB_02245,0.0735774
ECB_02246,0.0358023
ECB_02247,0.0518462
ECB_02248,0.0575842
ECB_02249,0.0998927
ECB_02250,0.0341773
ECB_02251,0.109461
ECB_02252,0.143594
ECB_02253,0.0773337
ECB_02254,0.143868
ECB_02255,0.134483
ECB_02256,0.321827
ECB_02261,0.905101
ECB_02264,0.0645385
ECB_02265,0.0726142
ECB_02266,0.123149
ECB_02267,0.0385638
ECB_02268,0.058265
ECB_02272,0.047893
ECB_02273,0.0455738
ECB_02277,0.0513483
ECB_02278,0.0695067
ECB_02279,0.0227479
ECB_02280,0.0618783
ECB_02281,0.0698209
ECB_02282,0.0476366
ECB_02283,0.0277634
ECB_02284,0.02785
ECB_02285,0.0520822
ECB_02287,0.0428952
ECB_02288,0.0440175
ECB_02289,0.0893025
ECB_02290,0.0774015
ECB_02292,0.0608366
ECB_02293,0.0962809
ECB_02294,0.129649
ECB_02295,0.0812047
ECB_02296,0.0749181
ECB_02297,0.0680307
ECB_02298,0.0346696
ECB_02299,0.0672274
ECB_02301,0.100339
ECB_02302,0.0428593
ECB_02303,0.0453103
ECB_02304,0.0227263
ECB_02305,0.114754
ECB_02306,0.0582356
ECB_02309,0.0567838
ECB_02311,0.0425718
ECB_02312,0.0220122
ECB_02313,0.034149
ECB_02314,0.028532
ECB_02315,0.0033714
ECB_02316,0.00642937
ECB_02317,0.0311194
ECB_02318,0.0628852
ECB_02319,0.156565
ECB_02321,0.116156
ECB_02322,0.146114
ECB_02324,0.144572
ECB_02325,0.110551
ECB_02326,0.0625261
ECB_02328,0.141525
ECB_02329,0.101994
ECB_02331,0.0539669
ECB_02332,0.0376676
ECB_02333,0.0442486
ECB_02334,0.0270996
ECB_02335,0.0749063
ECB_02336,0.101204
ECB_02337,0.0821653
ECB_02338,0.0188608
ECB_02339,0.0994808
ECB_02340,0.0638446
ECB_02341,0.0831124
ECB_02342,0.0608051
ECB_02343,0.0801358
ECB_02344,0.104854
ECB_02345,0.0663076
ECB_02346,0.0594799
ECB_02347,0.0129008
ECB_02348,0.0153707
ECB_02349,0.0653149
ECB_02350,0.0492526
ECB_02351,0.129285
ECB_02352,0.0249781
ECB_02353,0.103434
ECB_02354,0.0676424
ECB_02355,0.0315232
ECB_02357,0.0548613
ECB_02358,0.0441694
ECB_02359,0.0477272
ECB_02360,0.0398269
ECB_02361,0.0335384
ECB_02362,0.0298514
ECB_02363,0.0530011
ECB_02364,1.31552e-16
ECB_02365,0.0670135
ECB_02366,0.0605876
ECB_02367,0.0651784
ECB_02368,0.0291034
ECB_02369,0.00894933
ECB_02370,0.00708153
ECB_02371,0.0105521
ECB_02372,0.00404522
ECB_02385,0.080546
ECB_02386,0.0606182
ECB_02387,0.0348151
ECB_02388,0.0255081
ECB_02389,0.0305741
ECB_02390,0.0202528
ECB_02391,0.0387171
ECB_02392,0.0218784
ECB_02393,0.0465073
ECB_02394,0.0374495
ECB_02397,0.0446483
ECB_02398,0.0521118
ECB_02399,0.0598925
ECB_02400,0.100113
ECB_02401,0.219898
ECB_02403,0.0506736
ECB_02404,0.0153989
ECB_02405,0.00792146
ECB_02406,0.0262963
ECB_02407,0.0397568
ECB_02408,0.0514098
ECB_02409,0.0635304
ECB_02410,0.0354638
ECB_02411,0.065227
ECB_02412,0.0671518
ECB_02413,0.0430516
ECB_02414,0.041359
ECB_02415,0.0662157
ECB_02416,0.0652379
ECB_02417,0.0450293
ECB_02418,0.0549727
ECB_02419,0.0232724
ECB_02420,0.0280784
ECB_02421,0.0182312
ECB_02422,0.0375534
ECB_02423,0.0101699
ECB_02424,0.060296
ECB_02425,0.0311103
ECB_02426,0.0835325
ECB_02427,0.036274
ECB_02428,0.0499107
ECB_02435,0.075411
ECB_02436,0.0884758
ECB_02437,0.144843
ECB_02438,0.0888534
ECB_02439,0.0632141
ECB_02442,0.0766834
ECB_02443,0.0394041
ECB_02444,0.0238859
ECB_02446,0.0630827
ECB_02447,0.0312662
ECB_02448,0.0665899
ECB_02449,0.0948095
ECB_02453,0.0487071
ECB_02454,0.0677989
ECB_02455,0.0157603
ECB_02456,0.0602724
ECB_02457,0.111105
ECB_02458,0.0733022
ECB_02459,0.0515835
ECB_02460,0.0674904
ECB_02461,0.0304965
ECB_02462,0.0314523
ECB_02463,0.0344264
ECB_02464,0.0621861
ECB_02465,0.0309459
ECB_02466,0.0167165
ECB_02467,0.00156457
ECB_02469,0.0827656
ECB_02470,0.0600982
ECB_02471,0.0989078
ECB_02473,0.0160628
ECB_02474,0.0760318
ECB_02475,0.0564766
ECB_02476,0.0379953
ECB_02477,0.0302739
ECB_02479,0.0169844
ECB_02480,0.0805046
ECB_02481,0.0575735
ECB_02482,0.0318254
ECB_02483,0.0551767
ECB_02484,0.0515071
ECB_02485,0.016401
ECB_02486,0.00190713
ECB_02488,0.0498998
ECB_02489,0.0471795
ECB_02490,0.0421406
ECB_02491,0.0252889
ECB_02492,0.018246
ECB_02493,0.0501761
ECB_02494,0.0281433
ECB_02495,2.50725e-21
ECB_02496,0.0070611
ECB_02497,0.00842039
ECB_02498,2.29077e-19
ECB_02499,0.0633101
ECB_02500,0.0347297
ECB_02501,0.0943174
ECB_02502,0.0628994
ECB_02503,0.0508694
ECB_02504,0.0499084
ECB_02506,0.0406628
ECB_02507,0.0571357
ECB_02508,0.0609041
ECB_02515,0.115013
ECB_02516,0.0870513
ECB_02517,0.102306
ECB_02518,0.113236
ECB_02519,0.0864117
ECB_02520,0.0623119
ECB_02521,0.0333031
ECB_02522,0.0175925
ECB_02523,0.0271303
ECB_02524,0.0315147
ECB_02525,0.034777
ECB_02526,0.00800891
ECB_02527,0.0333755
ECB_02528,0.0936812
ECB_02529,0.0372903
ECB_02530,0.0356043
ECB_02531,0.0639773
ECB_02532,0.0555692
ECB_02533,0.0413744
ECB_02534,0.0515175
ECB_02535,0.0656898
ECB_02537,0.0109689
ECB_02538,0.0199959
ECB_02539,0.0122793
ECB_02540,0.0374495
ECB_02541,0.0543876
ECB_02542,0.0126762
ECB_02543,0.054674
ECB_02544,0.0112589
ECB_02545,0.0342284
ECB_02546,5.99954e-29
ECB_02547,0.0252424
ECB_02548,0.0129048
ECB_02549,0.0229805
ECB_02550,0.0457962
ECB_02551,0.0419155
ECB_02554,0.0232638
ECB_02555,0.062005
ECB_02556,0.0352375
ECB_02557,0.0808233
ECB_02558,0.0718844
ECB_02559,0.0860723
ECB_02561,0.0601752
ECB_02562,0.0945968
ECB_02563,0.0571864
ECB_02564,0.0552359
ECB_02565,0.0467502
ECB_02566,0.169467
ECB_02567,0.158398
ECB_02568,0.0459621
ECB_02569,0.0864177
ECB_02570,0.0770673
ECB_02572,0.0647689
ECB_02573,0.0672836
ECB_02574,0.0530273
ECB_02575,0.0195888
ECB_02576,0.000544466
ECB_02577,0.0388285
ECB_02578,0.0436843
ECB_02579,0.0762805
ECB_02580,0.0662302
ECB_02581,0.0498507
ECB_02582,0.03065
ECB_02583,0.128176
ECB_02584,0.227772
ECB_02591,0.0370013
ECB_02592,0.0292359
ECB_02594,0.0146746
ECB_02595,0.0326109
ECB_02596,0.0347688
ECB_02597,0.0599819
ECB_02598,0.0119489
ECB_02599,0.102656
ECB_02600,0.0415394
ECB_02601,0.0693351
ECB_02602,0.0688764
ECB_02603,0.107159
ECB_02607,0.100876
ECB_02608,0.0883858
ECB_02609,0.0974604
ECB_02610,0.0638355
ECB_02611,0.0593158
ECB_02612,0.0597696
ECB_02613,0.0695822
ECB_02615,0.0449676
ECB_02617,0.0910032
ECB_02618,0.125046
ECB_02619,0.0819692
ECB_02620,0.130556
ECB_02622,0.0867336
ECB_02624,0.0177403
ECB_02625,0.0208629
ECB_02626,0.044645
ECB_02629,0.0493984
ECB_02631,0.0326912
ECB_02632,0.0773022
ECB_02633,0.0908956
ECB_02634,0.0423066
ECB_02635,0.0451782
ECB_02636,0.0455854
ECB_02637,0.0266185
ECB_02638,0.0205783
ECB_02639,0.0365981
ECB_02640,0.0350721
ECB_02641,0.0216492
ECB_02643,0.0183673
ECB_02644,0.0257927
ECB_02653,0.0365125
ECB_02654,0.0377075
ECB_02655,0.0171057
ECB_02656,0.029055
ECB_02657,0.0463859
ECB_02658,0.0302857
ECB_02659,0.0180312
ECB_02660,0.00379778
ECB_02661,0.0727169
ECB_02662,0.0603153
ECB_02663,0.0897504
ECB_02664,0.0636093
ECB_02666,0.0490108
ECB_02667,0.0688169
ECB_02668,0.0620455
ECB_02669,0.0605804
ECB_02670,0.0541771
ECB_02671,0.0277086
ECB_02672,0.0717471
ECB_02674,0.0161644
ECB_02675,0.0397414
ECB_02676,0.0350152
ECB_02677,0.0273202
ECB_02678,0.00407826
ECB_02679,0.0573083
ECB_02680,0.0387229
ECB_02681,0.00440089
ECB_02682,0.0338465
ECB_02683,0.0328174
ECB_02684,0.0373598
ECB_02685,0.0220742
ECB_02686,0.0313837
ECB_02687,0.0263203
ECB_02689,0.0413664
ECB_02691,0.0421537
ECB_02692,0.0489539
ECB_02693,0.0281051
ECB_02698,0.0206633
ECB_02699,0.055522
ECB_02700,0.065735
ECB_02701,0.0686341
ECB_02702,0.0324478
ECB_02703,0.0450699
ECB_02704,0.0399548
ECB_02705,0.0767542
ECB_02706,0.064927
ECB_02707,0.0495624
ECB_02708,0.0266129
ECB_02709,0.0267359
ECB_02710,0.060163
ECB_02711,0.0637373
ECB_02712,0.0414624
ECB_02713,0.0368551
ECB_02714,0.0587236
ECB_02715,0.0401569
ECB_02716,0.0370343
ECB_02718,0.0409845
ECB_02719,0.0520398
ECB_02720,0.0355949
ECB_02721,0.0960423
ECB_02724,0.102724
ECB_02725,0.0370924
ECB_02726,0.0430085
ECB_02727,0.0187022
ECB_02728,0.0351986
ECB_02730,0.0639602
ECB_02731,0.0553916
ECB_02732,0.0432078
ECB_02733,0.0924272
ECB_02735,0.0803873
ECB_02736,0.0449264
ECB_02737,0.0445947
ECB_02738,0.0644837
ECB_02739,0.0687287
ECB_02740,0.088463
ECB_02741,0.0383216
ECB_02742,0.000261266
ECB_02743,0.0444333
ECB_02744,0.0319443
ECB_02745,0.0244813
ECB_02747,0.0424547
ECB_02753,0.0163567
ECB_02754,0.0645762
ECB_02755,0.0174301
ECB_02756,0.0441738
ECB_02757,0.0159809
ECB_02758,0.013054
ECB_02759,0.18157
ECB_02760,0.0325351
ECB_02762,0.0770945
ECB_02766,0.0992317
ECB_02767,0.0789966
ECB_02768,0.0732287
ECB_02772,0.0394583
ECB_02773,0.0355629
ECB_02774,0.0866911
ECB_02775,0.0437898
ECB_02776,0.0261181
ECB_02777,0.0543241
ECB_02778,0.0401131
ECB_02779,0.0882121
ECB_02780,0.0867787
ECB_02781,0.013714
ECB_02782,0.0526213
ECB_02783,0.0352632
ECB_02784,0.0553761
ECB_02785,0.141354
ECB_02786,0.0373768
ECB_02788,0.0295155
ECB_02789,0.0128849
ECB_02790,0.0253499
ECB_02791,0.0520949
ECB_02793,0.0395857
ECB_02794,0.0378538
ECB_02795,0.0450323
ECB_02864,0.0518763
ECB_02866,0.035455
ECB_02867,0.0210297
ECB_02868,0.0320426
ECB_02869,0.0315303
ECB_02870,0.0705667
ECB_02871,0.0419066
ECB_02872,0.0402019
ECB_02874,0.0026619
ECB_02876,0.0288009
ECB_02877,0.012184
ECB_02878,0.029671
ECB_02879,0.0150882
ECB_02880,0.0180062
ECB_02881,0.0637381
ECB_02882,0.0186708
ECB_02883,0.0204404
ECB_02884,0.0284523
ECB_02885,0.0163907
ECB_02886,0.0290522
ECB_02887,0.0188982
ECB_02888,0.0995471
ECB_02889,0.0283799
ECB_02890,0.0452116
ECB_02891,0.0308125
ECB_02895,0.058889
ECB_02896,0.0236692
ECB_02897,0.0174462
ECB_02900,0.0250112
ECB_02901,0.0978258
ECB_02902,0.0762801
ECB_02903,0.0152419
ECB_02904,0.0262832
ECB_02905,0.00122098
ECB_02906,0.0226969
ECB_02907,0.0326487
ECB_02909,0.0251957
ECB_02910,0.055526
ECB_02911,0.0918494
ECB_02912,0.0327646
ECB_02913,0.0485983
ECB_02914,0.130575
ECB_02919,0.0559729
ECB_02920,0.0337568
ECB_02922,0.0819414
ECB_02923,0.0750041
ECB_02924,0.0587654
ECB_02925,0.0343327
ECB_02926,0.0502539
ECB_02927,0.0640015
ECB_02928,0.0547705
ECB_02929,0.0406832
ECB_02931,0.0878343
ECB_02932,0.052681
ECB_02933,0.070964
ECB_02934,0.0749901
ECB_02935,6.61608e-11
ECB_02936,0.0161194
ECB_02937,0.00848149
ECB_02938,0.0544537
ECB_02939,0.0405191
ECB_02940,0.0348456
ECB_02941,0.0352886
ECB_02942,0.0664181
ECB_02943,0.0346665
ECB_02944,0.0875174
ECB_02945,0.059237
ECB_02946,0.0272139
ECB_02947,0.0303221
ECB_02948,0.0663485
ECB_02950,0.130367
ECB_02953,0.085563
ECB_02954,0.0609664
ECB_02956,0.112047
ECB_02957,0.0492598
ECB_02958,0.0449924
ECB_02959,0.0466652
ECB_02960,0.0585567
ECB_02961,0.0477284
ECB_02962,0.0594164
ECB_02963,0.112294
ECB_02964,0.0228811
ECB_02965,0.0387738
ECB_02966,0.00906198
ECB_02967,0.0224878
ECB_02968,0.0450386
ECB_02969,0.0252897
ECB_02970,0.0695004
ECB_02971,0.0660777
ECB_02972,0.0315434
ECB_02974,0.0331252
ECB_02975,0.0212608
ECB_02976,0.0309006
ECB_02977,0.0413524
ECB_02978,0.0294877
ECB_02982,0.031899
ECB_02983,0.0351857
ECB_02984,0.0403598
ECB_02985,0.0245244
ECB_02989,0.0547528
ECB_02990,0.0317279
ECB_02991,0.0507969
ECB_02992,0.0444132
ECB_02993,0.0509144
ECB_02996,0.0580086
ECB_02997,0.0411279
ECB_02998,0.0295847
ECB_03003,0.0564714
ECB_03004,0.0381197
ECB_03005,0.0194836
ECB_03007,0.04452
ECB_03013,0.0503492
ECB_03014,0.0429466
ECB_03016,0.0318581
ECB_03017,0.045703
ECB_03018,0.0640731
ECB_03019,0.051884
ECB_03020,0.0706096
ECB_03021,0.0620097
ECB_03022,0.0406411
ECB_03023,0.0381228
ECB_03024,0.0168782
ECB_03025,0.0452529
ECB_03026,0.0887978
ECB_03027,0.124281
ECB_03028,0.117669
ECB_03029,0.0491515
ECB_03030,0.00024002
ECB_03031,0.0419048
ECB_03032,0.000895291
ECB_03033,0.0787796
ECB_03034,0.0222422
ECB_03035,0.0314529
ECB_03036,0.0207679
ECB_03037,0.0052227
ECB_03038,0.0593611
ECB_03040,0.0326773
ECB_03041,0.0619672
ECB_03042,0.0476767
ECB_03043,0.0281931
ECB_03044,0.00836727
ECB_03045,2.46664e-14
ECB_03046,0.0155681
ECB_03047,0.0485338
ECB_03048,0.0567813
ECB_03049,0.0190181
ECB_03050,0.00387731
ECB_03051,2.01995e-15
ECB_03052,0.0231741
ECB_03053,0.0299429
ECB_03054,0.0260961
ECB_03056,0.0271397
ECB_03058,0.029517
ECB_03059,0.011391
ECB_03060,0.017452
ECB_03062,0.0156953
ECB_03063,0.0192214
ECB_03064,0.00939174
ECB_03065,0.0251543
ECB_03066,0.0147428
ECB_03067,0.0288695
ECB_03068,1.64044e-19
ECB_03069,0.012398
ECB_03070,0.0162101
ECB_03071,0.017118
ECB_03072,0.035362
ECB_03073,0.0493284
ECB_03074,0.0369994
ECB_03075,0.0340673
ECB_03076,0.0408313
ECB_03078,0.08237
ECB_03081,0.110772
ECB_03082,0.115362
ECB_03083,0.039125
ECB_03084,0.0519691
ECB_03085,0.0907386
ECB_03086,0.0711219
ECB_03088,0.0196941
ECB_03089,0.0104228
ECB_03090,0.00134735
ECB_03091,1.11828e-10
ECB_03092,0.0494729
ECB_03093,0.0134982
ECB_03094,0.0317089
ECB_03095,0.0846007
ECB_03096,0.0397221
ECB_03097,0.0154067
ECB_03098,0.0276998
ECB_03099,0.0132695
ECB_03100,0.0389427
ECB_03101,0.0361879
ECB_03102,0.00879354
ECB_03103,0.0563619
ECB_03104,0.0429449
ECB_03105,0.0386453
ECB_03106,0.0381896
ECB_03107,0.0169126
ECB_03108,0.0199651
ECB_03109,0.0178872
ECB_03110,0.0176252
ECB_03111,0.0283678
ECB_03112,0.0293856
ECB_03113,0.0065062
ECB_03114,0.0222448
ECB_03115,0.0154778
ECB_03116,0.0802516
ECB_03117,0.0540827
ECB_03118,0.00506589
ECB_03119,0.00202556
ECB_03120,0.0421302
ECB_03121,0.00661748
ECB_03122,0.0412158
ECB_03123,0.0309769
ECB_03125,0.051573
ECB_03129,0.0976818
ECB_03130,0.017381
ECB_03131,0.148914
ECB_03132,0.0519194
ECB_03133,0.0220478
ECB_03135,0.0511844
ECB_03137,0.0215241
ECB_03138,0.0571864
ECB_03139,0.0717522
ECB_03140,0.0249588
ECB_03141,0.0478296
ECB_03143,0.0613846
ECB_03144,0.105027
ECB_03145,0.00166583
ECB_03146,0.000197902
ECB_03147,3.53762e-13
ECB_03148,0.00132781
ECB_03149,5.01105e-13
ECB_03151,0.00684665
ECB_03152,0.00268043
ECB_03153,1.06899e-09
ECB_03154,0.0121983
ECB_03155,9.68598e-11
ECB_03156,0.00209975
ECB_03157,0.000234329
ECB_03158,4.06484e-09
ECB_03159,9.65722e-05
ECB_03160,0.00061216
ECB_03161,0.000135314
ECB_03162,6.22237e-31
ECB_03163,1.22321e-14
ECB_03164,0.00104652
ECB_03165,0.000461748
ECB_03166,4.5968e-35
ECB_03167,0.00298153
ECB_03168,0.00242886
ECB_03169,0.000457706
ECB_03170,0.000447033
ECB_03171,0.00166177
ECB_03172,0.000332293
ECB_03187,0.274558
ECB_03191,0.00751343
ECB_03192,0.000118966
ECB_03193,0.00149954
ECB_03194,0.0306277
ECB_03195,0.0625224
ECB_03196,0.0798396
ECB_03197,0.0120186
ECB_03198,0.0206934
ECB_03200,0.0318179
ECB_03203,0.05133
ECB_03204,0.0715113
ECB_03205,0.000776367
ECB_03206,0.0293606
ECB_03207,0.0240175
ECB_03208,0.0105703
ECB_03209,0.0481169
ECB_03210,0.0642084
ECB_03211,0.0489796
ECB_03212,0.0754784
ECB_03214,0.012738
ECB_03215,0.0494496
ECB_03216,0.0462388
ECB_03217,0.0600612
ECB_03218,0.0762999
ECB_03219,0.0759406
ECB_03220,0.0240948
ECB_03236,0.0485173
ECB_03237,0.0601486
ECB_03238,0.0528046
ECB_03239,0.0154489
ECB_03241,0.0164733
ECB_03242,0.00978931
ECB_03243,0.0355664
ECB_03246,0.0578842
ECB_03247,0.0771807
ECB_03248,0.042588
ECB_03249,0.050099
ECB_03250,0.0388383
ECB_03251,0.0168942
ECB_03252,0.00403676
ECB_03253,0.0316202
ECB_03254,0.0612327
ECB_03255,0.0573436
ECB_03256,0.0703427
ECB_03257,0.0470057
ECB_03258,0.0396567
ECB_03259,0.0802792
ECB_03260,0.000483064
ECB_03261,0.0531422
ECB_03262,0.111357
ECB_03263,0.0964674
ECB_03264,0.066772
ECB_03265,0.0621751
ECB_03266,0.100395
ECB_03267,0.0306485
ECB_03268,0.0623765
ECB_03269,0.0423263
ECB_03270,0.0574833
ECB_03271,0.133427
ECB_03272,0.091096
ECB_03273,0.163863
ECB_03274,0.0979227
ECB_03275,0.0350105
ECB_03276,0.0814272
ECB_03277,0.118139
ECB_03280,0.0466599
ECB_03281,0.017869
ECB_03282,0.0153368
ECB_03283,0.0322152
ECB_03284,0.0392964
ECB_03285,0.0183233
ECB_03286,0.0424256
ECB_03287,0.0766464
ECB_03288,0.0543913
ECB_03289,0.0838084
ECB_03290,0.0712465
ECB_03291,0.069307
ECB_03292,0.122702
ECB_03296,0.133201
ECB_03297,0.0554854
ECB_03298,0.0981152
ECB_03299,0.10321
ECB_03300,0.111535
ECB_03301,0.0666918
ECB_03302,0.0929258
ECB_03303,0.128809
ECB_03304,0.114381
ECB_03305,0.122574
ECB_03306,0.127042
ECB_03308,0.0926559
ECB_03310,0.0519321
ECB_03311,0.0972281
ECB_03312,0.0355334
ECB_03313,0.0510769
ECB_03314,0.045505
ECB_03316,0.0437075
ECB_03317,0.0524145
ECB_03318,0.108356
ECB_03319,0.126361
ECB_03320,0.0873205
ECB_03321,0.0269772
ECB_03322,0.0477321
ECB_03323,0.0559527
ECB_03324,0.030478
ECB_03325,0.0750409
ECB_03326,0.118658
ECB_03327,0.0942332
ECB_03328,0.110938
ECB_03329,0.0985721
ECB_03330,0.119763
ECB_03335,0.0665642
ECB_03336,0.0721101
ECB_03337,0.0969432
ECB_03341,0.0463391
ECB_03343,0.004894
ECB_03344,0.0354175
ECB_03345,0.0554345
ECB_03346,0.129728
ECB_03347,0.117058
ECB_03348,0.0550838
ECB_03349,0.0747688
ECB_03352,0.0964929
ECB_03355,0.0362396
ECB_03356,0.0320682
ECB_03357,0.0228243
ECB_03358,0.00792009
ECB_03359,0.043366
ECB_03360,0.0176672
ECB_03361,0.0307896
ECB_03363,0.063015
ECB_03364,0.0657743
ECB_03367,0.0332401
ECB_03368,0.0266907
ECB_03369,0.0581011
ECB_03370,0.0451083
ECB_03371,0.038002
ECB_03372,0.0673424
ECB_03373,0.0212494
ECB_03374,0.0334514
ECB_03375,0.0467161
ECB_03376,0.0141354
ECB_03377,0.0363832
ECB_03390,0.0322565
ECB_03391,0.108223
ECB_03392,0.0824142
ECB_03393,0.0768379
ECB_03394,0.0842139
ECB_03395,0.0584539
ECB_03396,0.080409
ECB_03397,0.134979
ECB_03398,0.0311518
ECB_03400,0.0691594
ECB_03401,0.0646187
ECB_03402,0.0296982
ECB_03403,0.0310632
ECB_03404,0.0353538
ECB_03405,0.00232073
ECB_03410,0.084724
ECB_03411,0.0190574
ECB_03412,0.0934921
ECB_03413,0.0643675
ECB_03414,0.0849126
ECB_03415,0.0577912
ECB_03416,0.0664496
ECB_03417,0.0370529
ECB_03418,0.0438964
ECB_03420,0.0531495
ECB_03421,0.0403514
ECB_03422,0.0333435
ECB_03423,0.0447989
ECB_03424,0.0455236
ECB_03425,0.0294103
ECB_03443,0.0970385
ECB_03444,0.118624
ECB_03445,0.0751305
ECB_03446,0.0354342
ECB_03447,0.0310509
ECB_03454,0.0518481
ECB_03455,0.09763
ECB_03456,0.0282695
ECB_03458,0.18823
ECB_03461,0.0986844
ECB_03462,0.0755615
ECB_03463,0.102584
ECB_03464,0.0418262
ECB_03465,0.0944363
ECB_03466,0.0572452
ECB_03467,0.0247608
ECB_03468,0.0359282
ECB_03469,0.0221667
ECB_03470,0.0506403
ECB_03471,0.0814819
ECB_03472,0.0438131
ECB_03473,0.0559854
ECB_03474,0.111915
ECB_03475,0.0643099
ECB_03476,0.0951954
ECB_03477,0.0588304
ECB_03478,0.0728511
ECB_03487,0.295024
ECB_03488,0.244774
ECB_03489,0.255044
ECB_03490,0.0380709
ECB_03491,0.0181454
ECB_03492,0.037998
ECB_03493,0.00105793
ECB_03494,0.000752029
ECB_03495,0.0307599
ECB_03496,0.0245509
ECB_03497,0.00521058
ECB_03498,0.0479365
ECB_03499,0.0637484
ECB_03500,0.0539573
ECB_03501,0.0574954
ECB_03503,0.0580865
ECB_03504,0.0590667
ECB_03505,0.00372805
ECB_03506,0.00204163
ECB_03507,0.0467546
ECB_03508,0.0417133
ECB_03509,0.0979963
ECB_03511,0.05911
ECB_03512,0.0329831
ECB_03513,0.0425162
ECB_03515,0.0374587
ECB_03543,0.0902488
ECB_03544,0.0826379
ECB_03545,0.149351
ECB_03546,0.0844458
ECB_03547,0.0444059
ECB_03550,0.0481021
ECB_03551,0.0708483
ECB_03552,0.0954269
ECB_03553,0.101739
ECB_03554,0.0759743
ECB_03555,0.0948783
ECB_03557,0.0379148
ECB_03558,0.0451927
ECB_03559,0.0136262
ECB_03560,0.0358205
ECB_03568,0.0938743
ECB_03569,0.0232833
ECB_03570,0.0141405
ECB_03571,0.115389
ECB_03572,0.114433
ECB_03573,0.101809
ECB_03580,0.0500107
ECB_03581,0.0785728
ECB_03582,0.045161
ECB_03583,0.0393911
ECB_03584,0.0654814
ECB_03585,0.0282624
ECB_03587,0.000213327
ECB_03589,0.0166187
ECB_03590,0.110395
ECB_03592,0.0674378
ECB_03594,0.0733483
ECB_03595,0.0781057
ECB_03596,0.0226731
ECB_03597,0.0238425
ECB_03599,0.252401
ECB_03608,0.0591726
ECB_03609,0.0285094
ECB_03610,0.0711913
ECB_03611,0.0612712
ECB_03612,0.088353
ECB_03613,0.0645434
ECB_03614,0.0517823
ECB_03615,0.000486772
ECB_03616,0.00690976
ECB_03617,0.00101222
ECB_03618,0.0151792
ECB_03619,0.0131959
ECB_03620,0.0083325
ECB_03621,1.30344e-36
ECB_03622,0.0107165
ECB_03625,0.0396142
ECB_03626,0.044922
ECB_03627,0.080943
ECB_03628,0.0680354
ECB_03629,0.0488598
ECB_03630,0.0308378
ECB_03631,0.0290915
ECB_03635,0.0367699
ECB_03637,0.0263582
ECB_03638,0.0213567
ECB_03639,0.0358225
ECB_03640,0.0290756
ECB_03641,0.0306522
ECB_03642,0.0452628
ECB_03643,0.0139223
ECB_03644,0.0460616
ECB_03648,0.0781994
ECB_03649,0.137918
ECB_03650,0.147568
ECB_03651,0.176051
ECB_03652,0.112019
ECB_03653,0.113421
ECB_03656,0.106415
ECB_03658,0.0290005
ECB_03659,0.00428035
ECB_03661,0.0256329
ECB_03662,0.0444768
ECB_03663,0.0361031
ECB_03664,0.0402865
ECB_03665,0.0637056
ECB_03668,0.0217094
ECB_03669,0.0417892
ECB_03670,0.0472998
ECB_03671,0.051288
ECB_03672,0.0536638
ECB_03673,0.0355173
ECB_03674,0.056994
ECB_03675,0.132577
ECB_03677,0.082658
ECB_03678,0.0386017
ECB_03679,0.0215444
ECB_03680,0.0519532
ECB_03681,0.0962472
ECB_03682,0.140875
ECB_03684,0.00988074
ECB_03685,0.0447597
ECB_03686,0.0770617
ECB_03687,0.0938871
ECB_03688,0.0590474
ECB_03689,0.0987358
ECB_03691,0.0373356
ECB_03692,0.0738966
ECB_03699,0.0366717
ECB_03700,0.0921824
ECB_03701,0.0860343
ECB_03702,0.119639
ECB_03703,0.0542403
ECB_03704,0.024378
ECB_03705,0.0585378
ECB_03706,0.0472466
ECB_03708,0.0873568
ECB_03717,0.0719706
ECB_03718,0.0344969
ECB_03725,0.0532741
ECB_03726,0.0104759
ECB_03727,0.0165967
ECB_03728,0.0229697
ECB_03729,0.00314287
ECB_03730,0.0153369
ECB_03731,0.0360465
ECB_03732,0.0183495
ECB_03733,0.0779938
ECB_03734,0.128134
ECB_03735,0.0576202
ECB_03736,0.0856981
ECB_03737,0.0631443
ECB_03738,0.0704198
ECB_03739,0.0380622
ECB_03740,0.0221121
ECB_03741,0.0478344
ECB_03742,0.0455474
ECB_03743,0.0542327
ECB_03744,0.0269564
ECB_03745,0.0319549
ECB_03746,0.0309103
ECB_03749,0.0293502
ECB_03750,0.0426707
ECB_03751,0.0375568
ECB_03752,0.0440442
ECB_03753,0.0786972
ECB_03754,0.0509746
ECB_03755,0.0491313
ECB_03756,0.011942
ECB_03757,0.035131
ECB_03759,0.0210748
ECB_03767,0.343982
ECB_03769,0.314635
ECB_03770,0.0463794
ECB_03771,0.0331267
ECB_03772,0.0211262
ECB_03774,0.0452111
ECB_03776,0.0418426
ECB_03777,0.00218184
ECB_03780,0.058623
ECB_03787,0.163318
ECB_03788,0.20192
ECB_03789,0.111286
ECB_03790,0.0520394
ECB_03792,0.0218585
ECB_03794,0.0569933
ECB_03795,0.0364402
ECB_03796,0.0627714
ECB_03797,0.0414359
ECB_03798,0.0231825
ECB_03799,0.00281616
ECB_03800,0.0130073
ECB_03801,0.0235692
ECB_03802,0.040671
ECB_03803,0.0715188
ECB_03804,0.0424362
ECB_03805,0.01781
ECB_03806,0.0268167
ECB_03807,0.0139394
ECB_03808,0.00549028
ECB_03809,0.0832408
ECB_03810,0.0515451
ECB_03811,0.0478646
ECB_03812,0.015972
ECB_03813,0.00620342
ECB_03814,0.00601169
ECB_03815,0.0406776
ECB_03816,0.0239851
ECB_03817,0.0207277
ECB_03818,0.0244555
ECB_03819,0.0215715
ECB_03820,0.126254
ECB_03821,0.000862587
ECB_03823,0.137371
ECB_03825,0.0491631
ECB_03826,0.084038
ECB_03827,0.0998785
ECB_03828,0.0580912
ECB_03829,0.069875
ECB_03830,0.0712382
ECB_03831,0.135371
ECB_03835,0.11403
ECB_03836,0.0553994
ECB_03837,0.0478837
ECB_03838,0.0604863
ECB_03839,0.0497689
ECB_03841,0.0491131
ECB_03842,0.0749718
ECB_03843,0.0458002
ECB_03844,0.0389237
ECB_03845,0.0856807
ECB_03846,0.0502116
ECB_03847,0.0405115
ECB_03848,0.0188666
ECB_03849,0.0426231
ECB_03850,0.067434
ECB_03852,0.0257708
ECB_03853,0.051166
ECB_03854,0.0834308
ECB_03855,0.0260554
ECB_03857,0.00314454
ECB_03858,0.0116646
ECB_03859,0.00321667
ECB_03860,0.0111629
ECB_03861,8.54727e-05
ECB_03862,0.000196465
ECB_03863,0.0210397
ECB_03864,0.0156012
ECB_03866,0.0761531
ECB_03867,0.0467671
ECB_03868,0.0742672
ECB_03869,0.0344333
ECB_03870,0.0540123
ECB_03871,0.0633561
ECB_03872,0.0147699
ECB_03873,0.0212013
ECB_03874,0.0490731
ECB_03875,0.0500731
ECB_03876,0.0437223
ECB_03877,0.000511474
ECB_03878,0.0283938
ECB_03879,0.0941131
ECB_03880,0.138365
ECB_03881,0.0814529
ECB_03882,0.136649
ECB_03883,0.077616
ECB_03885,0.0424451
ECB_03886,0.0562773
ECB_03887,0.0652569
ECB_03888,0.106929
ECB_03890,0.0790749
ECB_03891,0.0978761
ECB_03892,0.0710635
ECB_03893,0.0511795
ECB_03894,0.0785904
ECB_03895,0.0866683
ECB_03896,0.0339521
ECB_03897,0.0434408
ECB_03899,0.0882975
ECB_03900,0.0781388
ECB_03901,0.0704832
ECB_03902,0.0262365
ECB_03906,0.0479571
ECB_03907,0.0286628
ECB_03908,0.0269001
ECB_03909,0.0405437
ECB_03911,0.00833603
ECB_03912,0.0442146
ECB_03915,0.0205792
ECB_03916,0.0563005
ECB_03917,0.0662358
ECB_03918,0.0767949
ECB_03921,0.0620409
ECB_03923,0.0465851
ECB_03925,0.143729
ECB_03926,0.0396342
ECB_03928,0.0133538
ECB_03929,0.0502662
ECB_03930,0.093825
ECB_03932,0.0512025
ECB_03934,0.0519931
ECB_03935,0.0490678
ECB_03937,0.045465
ECB_03939,0.0987787
ECB_03940,0.0379074
ECB_03941,0.0700562
ECB_03942,0.0309821
ECB_03943,0.0230442
ECB_03944,0.0384111
ECB_03945,0.0479101
ECB_03946,0.061711
ECB_03947,0.0586499
ECB_03948,0.0571678
ECB_03949,0.0333162
ECB_03950,0.0485705
ECB_03951,NA
ECB_03952,0.0564757
ECB_03953,0.0659238
ECB_03954,0.0539497
ECB_03955,0.242319
ECB_03964,0.112716
ECB_03965,0.101609
ECB_03966,0.100163
ECB_03967,0.123684
ECB_03968,0.153957
ECB_03969,0.11287
ECB_03970,0.0907569
ECB_03971,0.10795
ECB_03972,0.0695399
ECB_03973,0.121584
ECB_03974,0.0767614
ECB_03976,0.112725
ECB_03977,0.0901292
ECB_03978,0.0481811
ECB_03979,0.00040006
ECB_03980,0.0241994
ECB_03981,0.0262248
ECB_03982,0.0202777
ECB_03983,0.0147558
ECB_03984,0.020841
ECB_03985,0.11355
ECB_03986,0.0477327
ECB_03987,0.0270752
ECB_03988,0.0227756
ECB_03989,0.0265011
ECB_03990,0.0466145
ECB_03992,0.0914655
ECB_03994,0.0225619
ECB_03995,0.039478
ECB_03997,0.030942
ECB_03998,0.0195292
ECB_04006,0.0351097
ECB_04007,0.0110873
ECB_04008,0.00977088
ECB_04009,0.0149268
ECB_04010,0.0479296
ECB_04011,0.046026
ECB_04012,0.00198589
ECB_04013,0.0334207
ECB_04014,0.024012
ECB_04015,0.0292216
ECB_04016,0.0509775
ECB_04017,0.0216755
ECB_04021,0.0355684
ECB_04022,0.0370175
ECB_04023,0.0335924
ECB_04024,0.0108398
ECB_04025,0.0120411
ECB_04026,0.0256525
ECB_04027,0.0257659
ECB_04028,0.0370647
ECB_04029,0.0801083
ECB_04030,0.0347532
ECB_04031,0.0433807
ECB_04032,0.0594593
ECB_04033,0.0606308
ECB_04034,0.0432118
ECB_04035,0.0305587
ECB_04036,0.0560382
ECB_04037,0.056186
ECB_04038,0.005583
ECB_04039,0.0115645
ECB_04040,0.0280321
ECB_04041,0.0234393
ECB_04042,0.0199276
ECB_04043,0.000652669
ECB_04044,0.0227382
ECB_04045,0.00749031
ECB_04046,0.0505821
ECB_04047,0.0778771
ECB_04048,0.0337745
ECB_04049,0.0303444
ECB_04050,0.0938756
ECB_04051,0.0941784
ECB_04052,0.106192
ECB_04053,0.0713617
ECB_04054,0.0486536
ECB_04055,0.00646707
ECB_04056,0.00925164
ECB_04057,0.0253714
ECB_04058,0.0380853
ECB_04059,0.124557
ECB_04060,0.120749
ECB_04061,0.0615392
ECB_04063,0.125246
ECB_04064,0.0943367
ECB_04065,0.167327
ECB_04066,0.0799984
ECB_04069,4.09797e-19
ECB_04070,0.00424955
ECB_04078,0.250888
ECB_04079,0.0535004
ECB_04080,0.107689
ECB_04081,0.0845471
ECB_04082,0.0581289
ECB_04083,0.074533
ECB_04084,0.0781505
ECB_04085,0.0778786
ECB_04086,0.0470859
ECB_04087,0.0327729
ECB_04088,0.00426277
ECB_04089,0.028341
ECB_04090,0.0308057
ECB_04091,0.0356945
ECB_04092,0.0582808
ECB_04095,0.0374142
ECB_04096,0.1059
ECB_04097,0.117867
ECB_04098,0.120633
ECB_04100,0.0360551
ECB_04101,0.0555306
ECB_04102,0.0589201
ECB_04103,0.0785757
ECB_04105,0.0293047
ECB_04106,0.0509267
ECB_04107,0.0201474
ECB_04109,0.0553815
ECB_04110,0.0507816
ECB_04112,0.06006
ECB_04113,0.0284323
ECB_04118,0.327135
ECB_04121,0.0373826
ECB_04122,0.149434
ECB_04124,0.0765386
ECB_04125,0.0231747
ECB_04126,0.0560246
ECB_04127,0.0137483
ECB_04128,0.0389311
ECB_04129,0.0897068
ECB_04135,0.116529
ECB_04176,0.0319742
ECB_04177,0.048122
ECB_04178,0.014309
ECB_04182,0.0293221
ECB_04183,0.146549
ECB_04184,0.028571
ECB_04185,0.020735
ECB_04186,0.0286966
ECB_04187,0.0305784
ECB_04188,0.0191515
ECB_04189,0.040101
ECB_04191,0.0361937
ECB_04192,0.0762387
ECB_04193,0.0687926
ECB_04195,0.175318
ECB_04197,0.0432208
ECB_04198,0.0473878
ECB_04199,0.0813416
ECB_04201,0.190709
ECB_04203,0.0596671
ECB_04204,0.0675109
ECB_04205,0.0888631
ECB_04218,0.102884
ECB_04220,0.0446321
ECB_04232,0.0396554
ECB_04235,0.0825143
ECB_04236,0.0468429
ECB_04237,0.0438842
ECB_04238,0.0323384
ECB_04239,0.0403035
ECB_04240,0.0762885
ECB_04241,0.0452161
ECB_04242,0.0249245
ECB_04243,0.0366148
ECB_04244,0.0861737
ECB_04245,0.0405099
ECB_04246,0.0952529
ECB_04247,0.024139
ECB_04248,0.0281052
ECB_04249,0.0686013
ECB_04250,0.06887
ECB_04251,0.0456298
ECB_04253,0.0487105
ECB_04254,0.133127
ECB_04255,0.115083
ECB_04257,0.0692549
ECB_04259,0.063136
ECB_04260,0.0508949
ECB_04264,0.0496726
ECB_04265,0.0868649
ECB_04266,0.141082
ECB_04267,0.0569745
ECB_04268,0.0579087
ECB_04269,0.0331289
ECB_04270,0.0547807
ECB_04271,0.0383021
ECB_04272,0.0589901
ECB_04273,0.0285064
ECB_04274,0.0563994
ECB_04275,0.043478
ECB_04277,0.0122462
